"PC1","PC2","PC3","PC4","PC5","PC6","PC7","PC8","PC9","PC10","PC11","PC12","PC13","PC14","PC15","PC16","PC17","PC18","PC19","PC20","PC21","PC22","PC23","PC24","PC25","PC26","PC27","PC28","PC29","PC30","PC31","PC32","PC33","PC34","PC35","PC36","PC37","Q"
-4.69498127453178,5.94921474005608,-2.36602870149938,-0.461211969026367,-1.78458261344266,4.79503235451311,-2.80008151619927,2.93681233144021,0.870167166933887,3.66662700381404,-0.574486137938659,0.844440510678283,-0.651623569354044,0.506450728865314,-1.04743967678967,1.31670284079862,-1.41215745537309,0.211516877786947,0.246201222434192,-2.39349313623181,-0.576366112634679,-2.39069056649164,-0.254486160418859,-2.00777675545552,-0.436881008212301,0.751255569168371,-0.0499383897375629,-0.234956505091508,-0.204035620578603,0.951105259538553,-0.669866172019046,0.289939508498312,-0.846672861326946,-0.418762151464235,0.0806976481189148,0.151156625156901,-0.482244014705942,1.64458296208082
-6.36378247158664,3.42128072964207,0.226965804367712,-4.34876372753056,-2.07077559691549,-4.72209721637996,1.69350894118517,-2.74000302282046,1.15089714517793,0.489733899347387,4.37907550492089,-1.87870557108523,-4.08256621248659,-0.981542132603358,-1.01282792746722,0.0204392983995641,-1.53798048998007,-0.538198664177094,-0.314427540159035,-0.153504499677122,-0.608047070998708,-2.09946880419571,0.491245567638804,-1.68990270253199,-0.538933307904238,0.866838918739517,-0.0255998336465527,-2.6132358467621,-0.26970097151017,1.34841146115498,1.176760692547,-0.731118236001855,-0.321093918485552,-0.654767371664395,0.366877788881815,-0.50613672672355,-0.387220765411529,1.62748068956121
-8.97960603299664,0.0270509840286783,2.25226456236159,5.97695179273406,1.33874675514192,-0.838046007946469,1.0525363597675,2.06616511380534,0.95582050062756,-2.15678984148302,-3.27194075985854,-1.34876596344447,-1.02385494533919,2.565408827676,-0.836155930446523,0.00875391841058064,0.0464519033116444,1.66470498647705,0.864339216308871,-1.20693236790553,-0.32602193741467,-0.675871337084689,-0.243304510149213,-0.635555488561364,1.82263698757995,0.185270483806721,0.342640759186033,-0.513807643733532,0.78674119963319,0.964341918390668,0.84774675725579,0.216531801339711,-0.491354558592967,-0.800170083061286,0.58152432558289,1.0328744014413,0.0447406349596793,1.75079527331114
5.50509693407445,3.95647760709552,-3.83713404436995,2.43178213966311,-2.63609281003903,2.48051566554278,-4.87276449445313,1.19892160393699,0.241759406842342,-2.46321284369972,-1.68706390026048,-0.307259460618229,-2.87191453339436,-1.31396953700239,0.908416069605315,-0.61470007468063,0.740388773969232,2.39852164353901,-0.186622069174556,0.648486599925998,-0.751376122838232,-1.95763112727485,-0.0427287531121655,-1.04607232197192,0.482130111624569,-0.463420656418321,-0.940810627811565,0.386868088911331,0.613497538815568,1.48100094448962,-0.960649047795733,-0.418297172682746,0.440101465230441,-0.49605610493848,0.498264487110738,1.78074967265432,-0.178127949335229,1.67908756971273
6.84671505584984,3.61591927190959,-4.40607663602432,1.73666118891687,-4.92131407427189,1.24725830630845,0.898442341462644,-0.38885139326014,2.09181196668978,-0.841628787677957,0.190065120975007,-3.88653877078062,-0.462496553060131,-0.629773200622641,-3.12482008608242,-0.799647514030455,0.659095576317038,3.17598868887086,-1.55038943619921,1.05964012937904,-0.194523688865643,-2.53279882603597,-1.0559912888064,-0.546444070864755,1.20446729733034,-0.324683731832959,-1.47471681407435,0.245140024222382,-1.7176300685623,0.348249394663401,-1.02437324923966,0.17046041502482,-0.361650144365655,-0.0527019371637082,0.662813450012606,-0.29457791693441,-0.0483872643600414,1.76403351230626
7.62365280249017,8.15441973406192,-4.11650661492802,-0.0556421312057655,-0.556374666763822,3.67378835859758,1.18896753884254,0.0815669361957764,-1.12042662000101,0.0984514030664441,-1.66877522342282,-2.84683643254928,0.455458473077699,-1.9365955696267,-2.08413678663027,0.0211304551402624,-0.634696806071137,2.11010584540809,3.10739507689881,1.98654464594475,2.56318636284042,-1.90176182866225,-2.48642564610945,-0.833456675782822,0.490631997203919,-1.25188833383943,-2.66463083224334,-0.386209540245505,-0.169709044684404,0.0858320632041239,1.18910961232218,0.0808053010936909,-0.192217073481265,0.303524126975634,0.538588644787384,1.0608861999179,-0.821304538627588,1.82509902196481
5.74779122677286,9.04945495470569,-2.05272675866115,-1.69202117680952,-0.371281457187002,4.72051703943564,2.34895271872367,-1.37028935558355,1.6699809462559,-1.44084257403601,0.0337441539739424,-0.0053985997269495,-0.922370037392468,-0.0799996800882277,0.112165038708306,-1.05389037955346,0.875634813238199,2.39647977118788,1.79433312632743,0.224132294628112,-0.172455175670601,-1.01272427815556,-1.43811370118036,-2.81214108284768,1.05473035972265,-1.26396282030927,-1.38809682714052,1.70606636954928,-1.03000921869811,1.6078848596421,1.62094056254149,0.527934739873802,1.41731096837605,-1.41052128189905,-0.208762431400579,-0.290196516388248,-0.48494848949204,1.67651091910607
4.01247914102249,8.03677150484712,1.96566459565414,-5.77861388486096,-3.66375497114578,-3.47998799780242,1.71195213298159,1.36196138509524,2.05690608358453,-1.91192228034367,1.71979338470481,1.19344064278706,-1.45577625031096,-2.53608310580954,-0.438878833372811,-2.12141070433598,-1.25952380561146,1.83383882532719,0.93731346650236,-0.419015937788056,0.00257838934342186,-1.37048756918864,0.489659694302573,-4.10683815756927,0.55466116649746,-0.495788788021661,0.0256137711015771,-1.92559280552403,-1.46698137601179,-0.514932255174787,1.52623089746705,0.302696890952986,1.01069137737489,-0.978558638134991,0.580058862518321,-0.0367082239396175,-0.543813528375139,1.77696299174894
-6.23319020237893,5.32044292563678,3.43426114516868,-0.161392339586811,-3.24873705968072,-0.579697135321107,2.1224307328858,3.06706467241324,-3.22272311996357,-1.64329171602602,-0.981018095485318,-1.44288532919519,-0.00648527543890206,0.870818934336082,-3.2031495352595,-4.5993330533056,1.64120100759601,2.0300899656715,-0.266271844232957,-0.803963530606596,-1.86719461596108,2.0770418542246,-1.76796270921276,-2.84923281099717,0.383147133203598,-0.278776742836016,0.0523296292229242,-0.159006677927549,-1.62085160127894,0.120749090831044,0.993848176702634,-1.47398644211632,-0.575858336544685,-1.77195822488122,1.24242072273831,0.26793583017448,-1.53275240869241,1.70462066670253
-9.85457530608101,7.85578997632418,-2.49275943370116,8.76757288606732,0.409512720789486,4.84679055386246,-1.2965102958611,1.87031880464072,1.29828976521634,-2.62825805900854,-2.84557805262308,-2.54588803913454,1.89725088526942,1.0084322445987,1.55677686556278,0.381271057267123,1.14904285999405,2.17051824643069,1.59975809068912,-0.0356879246687,0.395559815776981,1.92318076267198,-3.38926220475846,1.36778250138383,0.519799001923778,0.240292586112158,-1.13304914127229,0.733416683335813,-0.403268949380072,0.521348159486073,-0.421165954886177,-0.537948881378146,1.39783448323349,-0.7371495462434,0.96864701419764,0.442435706275571,0.337484462102733,1.36685986794586
10.0869102279399,7.15381276252624,0.51407059497028,-0.16253977894536,-0.281534773866764,-0.418486744031438,-0.814265051344147,-2.4419131957869,2.16440669675414,1.17158395638029,6.04762434216009,0.295930243898784,2.41228656478651,-1.08649467190793,1.68682253948968,1.56411768634025,-2.00680999076343,1.83498132459842,-1.19092038908759,1.05468892780963,0.131031313430146,0.856479828739193,-1.43768696271229,1.54120032030641,-0.678944407589566,-0.409275135031242,-0.474403780814405,0.292381263695466,-0.508070990054253,0.0746856917328526,0.0438019646861426,-0.185014326391475,0.740655471681412,0.636653204179494,0.842328432743731,0.735982143802289,1.47345970450624,1.69521627405509
7.35122653867681,0.0840377655656895,-1.85192113130856,1.44477271134354,3.2569607195158,-3.35091034874764,-1.42758885835646,1.46627488714027,-2.95292945451673,-0.260016782090336,0.0121754360417297,-1.61418254698022,0.989846446533631,-1.71231532442305,0.237591773711224,-1.87174340685568,-0.354293048343994,-0.591891365944955,1.33155509472281,0.0599985848906347,-2.69360597055674,1.1382304978918,-0.243115810531901,0.60376666475555,-1.06387867057452,0.176947215489804,-0.167370691994894,-0.00848137840355948,-1.26750623024553,0.0871152025541531,0.652719950277139,0.188026318977615,1.05438476320566,-1.72621093822914,0.833983693517523,-1.09721509580859,2.06794392542392,1.88276870838004
-3.06929808986306,3.73643333169862,3.49441633465153,-0.352602025064401,-2.25098440086619,3.9973554553843,1.85992651994468,2.87590179546657,-3.53545586359188,-1.61534005342519,-1.0686299253709,-0.650629294186513,3.52174746583054,0.97668785166,-0.63672135659677,-0.634953689285024,-1.08647075169049,2.11606738418391,0.0333322637237863,0.854399606864037,-0.761010991167346,0.77320678206764,-0.0411533882922595,-1.60867697593039,0.883050227296673,0.322159826988853,-0.210998944844216,-0.129849870397465,1.57360314983889,0.596869803627054,1.1478505924445,0.623286836821499,0.845251584641089,-0.993001915612042,0.23419603961686,0.0126300139147428,0.510155558938863,1.73113619427291
-2.24201969432312,3.31127656293668,1.68367051852184,2.0258459803814,1.47609056104636,-1.53213562118294,-1.10931638320923,-0.873381222521141,3.15587241379452,-1.12361788057141,2.89799758019347,-0.503600726224686,3.63046141372782,-0.184420527417088,3.29601288258144,0.0105341451772805,-0.993589873910561,2.75442228446175,-0.354729344790454,0.373406224539413,-2.16001603229662,0.75596623611756,-1.54992642285773,-0.223700040435189,0.923681684571633,-1.07040923708238,0.232218811102941,0.416212493528609,-1.19648534379089,-1.10826360201935,0.471101572014213,-0.647373890425604,0.665181960569461,0.203322121030859,0.731204845361316,-0.472565946959356,0.915512619953946,1.80015339317229
7.8557412019648,-3.21481852503771,-3.40428790932981,-2.52096562031593,4.50479151584231,0.431769483734663,-2.88714698272245,3.85376295616602,0.886728951793275,-2.15273406596748,2.62078211075959,-0.492647162102036,-0.753479905774938,-0.276599832389867,1.81209265848876,-2.39833383496708,-0.29385764964231,1.14884850315149,-0.783767999520212,0.564278810401509,-3.41709142518472,1.85609202244407,2.82625737955874,1.0481870945746,-0.669741903387876,-1.6209016168771,1.50517983891319,0.635659641465525,-0.465664281270099,-0.0835220679473507,-0.000357445310335477,-0.486908534244207,0.119088550330214,-0.468474889243196,1.35549501976017,-0.561216763478108,1.2123553646798,1.66485260880664
2.69953622852807,-5.46850796560729,-1.27095925253233,2.0793388773539,1.8342619083553,1.23207695549513,0.673551080979329,-2.02212891802939,-1.74753168434412,-2.17346866562787,-0.942468993056678,-4.86319105174127,-0.929676091617684,1.58852127409717,-0.702783137278096,-1.27048368010799,0.753703834516963,1.68286266186488,-0.150897010397091,1.62773839447184,-1.33038599737336,1.32584669017665,0.88731607055094,0.777825235541253,-0.159736953574217,-0.973100675252067,-0.651508016175939,0.135182260661251,-1.05650929967806,0.983481584574493,-0.114340234427264,0.37581042907443,0.460884194040581,-0.410141860218582,0.43012253059681,0.546285695317034,1.46575761479649,1.80062441661782
1.32544151585853,-0.337408888248625,-1.9958075988134,-0.406768587036544,4.16415635283004,5.98338198674519,-3.12651176186689,-0.483326147018036,-0.213895086257549,-0.0796770425136548,0.291365200063942,-3.26858168676478,1.29013569459761,-0.147418956204394,1.55806032912587,0.533248248124249,0.426862856562899,-1.44239533664632,0.769412242300907,0.500571336492729,-0.925918830913793,0.988216259520397,-1.37584293587653,1.27207715858727,2.04211742025267,-0.751840733706817,-1.11965551871906,-0.671774865727085,-0.230727982994463,2.21903519389069,0.877829643019134,1.39183032493228,-0.338309252216288,0.24709131140038,-0.756404680938239,0.447700874056444,1.06318523354467,1.97791346398239
3.2334205104989,5.42861927867484,0.23786817263208,-0.443213348967478,1.70476123646991,-2.29395438542528,-0.851828645164208,-5.89521201026119,-0.835719067523628,-2.18489960951501,0.23737717491917,-1.03272967909792,1.1687601565549,-2.99258656382261,1.91270794793121,-1.7089604401636,1.14801693312407,1.40137068122932,0.271636980528131,-0.654065861545129,-2.93319516178491,0.76792426563176,0.269950014189236,-1.02133185070255,-1.05624079532367,-0.0262028959357341,0.011497794461547,1.14659642232884,-0.167615005980966,0.351724435118164,-0.0436729494073501,-0.302517021244779,0.597480058427402,0.00377922904923553,-0.354225828770971,0.632169257791478,0.556748228284838,1.94616982857475
5.30145155172015,6.41138402666446,-0.708907911647765,1.14379783868359,-0.459569847005323,0.000304604201271055,-4.50159256846881,3.5529339403053,0.908026942055532,-2.02506778364668,-0.328188480935677,-0.171326334570054,3.32656089356185,-0.506496296865322,0.944473962626584,-1.23955361297364,-0.134217503682367,0.324554972519689,0.655308315394246,-0.74623783151894,0.968804696123187,1.54477909085318,-0.961454782428349,0.631679426381623,-0.389036685313187,-0.307569661560055,-0.109842214951656,-0.457513788174648,-0.658362172267863,-0.66309281761688,0.661769768410877,-0.111944762922346,0.744072210701621,-0.928610029258573,-0.362315004938632,-0.312079966559581,1.14165672138362,1.79390567708464
6.92308354908129,9.48324078333005,0.14101053758702,0.314336456918797,-2.13933543394416,-0.239145652761442,-0.802231173992445,1.04595287714041,0.189324641824851,-3.17806367529059,2.2164401983455,-0.431426967799371,0.369699018738324,-1.306591367938,0.273620168067583,-1.86790385181605,-0.279065960874262,2.1979992993137,0.115486076485176,0.334460912937436,-0.0769474012746431,2.48176064610265,-0.724635701001247,1.23094327717793,-2.88769253414963,-0.39418341621822,1.65149211036434,-1.87765112172039,0.656622671345624,-1.42058184545497,0.405541715591719,-1.2951826894219,0.508878060218577,-0.234057489563353,0.365811603753949,0.0576381285782645,0.318154381344791,1.7658624919489
-5.62793747359924,9.90245127938989,1.17197432014445,0.0148933335570436,2.68491123689167,4.50005359514449,0.494213684577458,1.44719630620341,3.04618878825527,5.88173549244884,1.07949729605029,-5.65583729387304,2.16944159234265,-0.194405752856373,-1.19722530333292,-0.275114639488527,0.914854440005418,-0.829308793571254,2.40791665992638,-0.382435003171429,1.75955990632296,3.15573408917674,-1.62250187319937,-1.05562607317466,-0.46532244006945,-0.036788103939687,1.168132281037,-0.203108076842359,-1.62365835887461,0.145691227240237,1.7021845557684,-0.487461255381337,-0.445894413985048,0.558832633864524,-0.404123387207991,-0.511376367410722,0.896624082738344,1.90055555655621
-4.29470388205944,4.57064954414516,4.35064831009704,0.367666997992801,3.45963048831312,2.19112890073536,0.738674941990147,-2.52686974835083,0.608874440405544,2.18042274484125,-2.153542803684,-1.32848198106406,1.60217582454711,-2.22302783421669,1.04639491066352,-0.35837993839734,0.9648655801231,1.40722549007724,-0.209674005558037,-0.459221445453716,-0.989021089258997,2.10112271505609,-1.87211432363496,-1.3263809230259,-0.386598986960286,2.93270454427826,-0.427190091168093,1.31537586327191,1.94110198803209,0.305904181677643,0.0617712406892318,-0.982206362100201,0.270598035763984,1.03470930754945,0.145489263915463,-0.276318623115206,0.858731047638933,1.90909563098037
2.55090662898921,6.16949299313137,0.497519706346842,-0.582313252557042,2.29822726797894,1.41684961360209,0.738872270911411,1.83971312452475,-1.47501814186158,-0.205106235515996,0.605015607076173,1.18299774197221,1.45034910612393,-0.767080072126992,-1.21535538805932,0.913675957240214,-1.4732370575237,-0.381246721478966,-0.257004178990585,-1.02301522532071,0.823098979946493,-1.05769623792687,-0.112656399422807,-0.68786705211727,0.318034810210104,-0.505269149128684,-0.430125275441296,-0.0226554887557218,-0.352777225071307,-1.24958448589179,0.581143390522253,-1.37729304142922,0.0277211006113778,0.934470992846213,-0.00744891689431847,0.72900413906482,0.0358492135389306,1.74509420981334
-5.53596667281674,0.901473663870188,4.32014150638672,-0.318089889183258,1.10201039030889,3.80078584462862,1.5124376384783,0.469115898717992,5.01240906527441,0.118245113194772,-0.161075556695913,-3.14704870632899,1.05636518049226,0.856506104726279,0.816761276579002,2.22387970852151,0.431488502531392,-1.32902155973665,-1.11559171648118,-0.879892940283712,-0.471389360126785,1.18975797000378,-1.47373624818773,-0.532499855222843,1.23611221805537,1.28981608329548,0.1757897332722,0.970417298741167,0.0995431019565894,0.876318546892335,0.457438311664679,1.23217572729185,-1.1181630074174,0.193158264884323,-0.196711218256076,-0.722655033219714,0.326140669624669,1.92361085964585
4.12549336322842,-0.646917747344146,3.29039367059532,-2.95904480391612,1.76062539555134,0.0218513421944466,1.10787250683056,-3.44641580407693,-2.03196587636032,1.39185892948562,-1.09983862129327,1.10855182180182,0.401794417932275,-0.796911810602378,-0.879549606509684,3.46731597436825,-0.568742882943244,-1.90084667399191,-0.361638259812391,-0.150983844092551,0.171509785413694,2.01414050393404,-0.606158565294592,0.721286584286489,0.125793979340767,1.02192623702227,0.986430553027729,0.925433436605825,0.654003409005405,0.0406286652265699,0.392280451825003,-1.1161194392779,-1.85576870298319,2.26919602386787,0.778500280326249,1.42001104269628,-0.58645498520609,1.7179924546786
-3.64456344977387,4.54449575026939,4.62085014000807,2.68488612093214,3.80288059410049,3.08181284820733,0.156960896949353,-0.0530490050574198,1.58432612624456,-0.543143569876033,-2.22196377883244,2.21133484556139,0.642442932693962,-0.239457659599148,0.734407582548728,3.77469124900043,-1.28001095459695,-1.04466918468531,-0.178859509767336,0.00950872059070847,0.434057676697469,1.97996241036641,-1.04186685934156,1.20240844512707,-0.714080694533291,1.58973220040257,0.506258505966569,0.228704068119677,0.194594813731562,-1.531352471531,1.55325167932233,-0.651704139282786,0.459595762883977,0.781759422018016,-0.772322847006886,0.603057425025277,-0.30626253663832,1.79891014433309
-1.91658450050555,7.76690197300907,3.68164577955897,-2.71318859912369,2.55883626635372,2.77128872553036,-2.00374449423855,-1.98029006639393,0.629733695974701,2.40463465531827,-1.02368337616369,2.19837398873917,1.73060017348743,-0.311966943120456,0.647797954833543,1.19281206923716,0.346407234624453,1.07116095752568,-0.7005169308867,-0.108050919869565,1.28589424780704,3.63053691126798,0.0792045601534057,-0.0919882872174543,1.35570122289807,2.31099424117834,0.845231705958776,0.295789693593955,0.516826303566302,-0.810625414941977,0.663893239482083,0.289747673596756,0.0813239343361276,1.55399527724295,-0.47738998009696,1.11559721408702,0.627523986096285,1.77729198441678
-2.8189361211764,3.16633344317816,0.138657609372473,-1.36447472371796,0.645955629779813,0.143648654695973,-5.06076218503209,2.63646656171555,0.77246494413436,0.580595627196956,0.0451328010858904,1.44772166383105,0.179618366882162,-1.17516025225835,0.924562985208249,1.29088971431706,-0.315361667255263,0.0572323723586919,-1.16855380775707,-2.25100480501951,0.627625920230525,0.172484324615602,-0.772119573047284,-1.11833038544517,-0.00359027074380325,2.27089917732817,0.410339992186781,1.52259022767054,-1.11375992046065,-0.332591440406406,0.131507141475962,-0.644511113696378,0.095942986116247,1.49882810637324,-0.0447215284998665,0.560158929454571,0.683550236793999,1.89136870326803
1.68899455637813,5.01523619242341,2.78061122891695,-5.51902010096289,1.47671835541733,-3.54432317750595,3.08466141999404,-2.94675466253047,-0.66318170077597,-0.572163866398861,-1.76878427345649,1.69623053078167,1.1470363623924,-0.948712058871188,-1.66440369778505,-1.77204794939361,1.06665665617466,0.643424621188381,1.35055189849781,-1.71759284056009,0.484706107600217,1.14097199255136,-0.48563822830625,0.551552648202677,0.939204239729373,0.210380663198543,0.0278816518008305,-0.0521403107167064,0.25681359059506,0.437063176823022,0.731746227777007,-1.66506567536397,-0.844734282323943,1.42945007840804,0.86500401654674,-0.128768638398041,-0.629651577537052,1.90500171745215
-6.6590425437938,11.9010666659399,2.77051688932015,2.22553810369635,3.19405352510837,-1.73660327804745,-3.6333366473793,7.66136714188009,4.07612521611857,-2.26484494217972,0.324858361481842,4.15791207718616,-2.62428507190273,-0.0266724235890595,-0.959336562898796,2.03930092253736,-2.41376902093341,0.736901544422262,1.06796184900886,-2.58783708616201,2.0101682868187,2.98317320982582,-1.37654650200473,0.438709530817129,-0.571937362770488,1.21413698302833,1.21160323528023,1.18494194528763,0.506457698137159,0.0461039438339204,4.08048535599914,-0.408899865614318,0.679704948681764,0.46301957608284,-0.559142010007682,2.26458540563812,-1.40146859830446,1.90128563501363
-5.46439799379925,8.83756132213398,-2.18877865659139,4.08208639618162,-0.61402295650713,-0.165711689903288,2.06349708422535,1.85193966078296,-3.00656120159177,-1.5796842133236,-4.55136998671587,0.761184446755382,-4.60237123020018,1.8979025769096,-0.813481065706653,-0.682769032679193,0.799570105100248,2.39333333030568,1.55257389290767,1.67833997163876,-0.0108096801658148,3.9245048424734,-4.63272581680946,0.398223882391763,-1.12285184279878,1.3365090725048,0.853147546140571,-0.437656918118033,-0.415150071354601,-0.482219343202603,2.17159400956012,0.0701685268694206,-0.442407193012051,0.470794020695748,1.04190927831456,1.34492361434341,-0.796601030873524,1.86042537483697
-0.566748194605577,12.2829282026268,-3.15025104620917,1.24001688839023,1.9866909001032,7.22250485111495,4.24374916816824,-2.6942740657637,0.142564787135379,5.40733207940046,4.57370591771509,2.75998940120751,1.69547651710248,1.24199738184558,1.03687849723497,0.0920748862000194,-3.49164112479562,0.270811303911327,-2.53812513562024,0.0678698325098242,0.471683595397741,1.40561595097437,0.348679638340752,1.47024491331439,-1.10082003003005,0.020250822826329,0.661901885017198,1.76636705129208,0.186547484783956,-1.52356459893182,0.694642424551188,0.144672420245052,1.42292760130836,-1.90333775285965,0.154976291262893,0.778427532101834,0.00968673202508356,1.87922953419958
-7.33185340506731,7.03604060939304,-0.0814046574788693,2.57663903572871,2.92549178646473,1.7030343897378,-3.27108753142074,-3.19012971022054,6.54786046232888,0.0994869684678937,-0.832749229872324,4.51268878599055,0.871077029379369,0.246010181864717,2.7449669301173,4.04953241630437,-1.37217521978494,2.4395313372772,-0.454670134155933,-0.231707625599094,1.76747987964037,2.70326843704252,0.441399176018483,-1.25185624080385,1.56453229559447,0.760097400667916,0.301508930304049,0.35795947980245,2.58139705467973,1.14315562868276,1.79624247185201,1.35231106270898,1.35613703017562,0.521294658588233,0.374386119206098,0.0291195055748186,0.193741761506119,1.72759737051266
2.24459001255626,3.06583793476778,-2.92336291306363,3.63434154574348,2.51670337138782,-7.74920159377076,-4.16808289916179,-1.54133072133262,6.47067033341245,-1.22183057968389,1.00199793278473,5.09056622982859,-3.88038924163045,-1.6272972400374,2.65328247464218,0.168129668879822,1.46422462847081,4.73657628349583,-1.86287230849397,0.390755096629404,1.24171502097311,3.43492774492725,-0.846066109751287,-0.0586018943874186,1.09161831882493,0.483213439043422,0.215490740345229,0.622071503915215,-1.85737911620375,0.507331457921205,1.17730083838021,0.0211044689830653,0.144987212831005,2.43780400343443,1.17989122603866,-0.691882726702173,-0.00582258682342226,1.77434750987034
10.6860266152906,5.84157684886005,-6.03728834079918,4.70246699551745,5.03527672967489,-11.4312413906154,-2.87010377140902,-7.72138733085521,-4.94463154432677,-1.39063543966395,2.49806917255871,4.82500203427388,-1.12974531408229,0.472057655787132,-2.31468489537738,-4.19770091058455,-0.653255254121117,1.93632242646116,-1.64246257179125,-0.469596936252266,0.665120358246369,3.86593120422962,1.53980009386687,2.63108733434891,1.04736022582767,-1.67225057743153,-0.130841198072275,-1.11961344891312,-0.547841685022791,-0.696718822478509,1.70847529405905,-0.11956651634515,0.457727650612488,0.422506380643412,2.13860832068784,0.163352346704144,-0.0376149306744759,1.85694749205838
-9.82711676786677,4.79475351765296,-4.21249826061104,4.03905907603895,-5.06074812035818,-9.01039695050143,-8.99142352859709,5.82107300428336,2.32050607549488,7.55892771042833,5.22615231987647,3.31922233516603,0.67250551284247,0.259226086781126,-1.59315230900786,-0.906519341757904,-1.55072487024618,-0.937241003131057,0.278003258374267,-2.22972520679264,-0.742886746042525,3.55685336621161,1.7897611013001,-1.38112368500041,0.0747243052476357,-2.24554352209325,0.493874538304052,-1.1293597777184,0.688166994244981,-0.641859366173567,-0.412694021272925,2.59787391722757,2.45363642212697,-0.672247233313396,-0.771620430308676,-0.464315022126618,0.929375079023782,1.65710001616019
-14.9218845996059,-7.9502940555696,-6.60633087083299,11.1174656698954,-2.1167019425338,-0.788315513581641,-2.5806284829078,2.21140778578382,0.905361058233482,2.75583551098029,-0.256585262489286,1.1470400550097,-1.05220315097724,0.692679443788528,-5.09796367046977,-0.56447475151977,-0.985123593625574,0.663437668791847,-1.12086928489866,1.35278291766638,1.14803635844162,1.01501440504349,0.61556366508122,3.68963426715756,-1.37160632478068,-0.907138943768748,-0.944383235161091,0.535929112942302,3.27490605786116,0.013614210021966,0.148728245087921,0.819877989099818,0.293113469592332,1.03655704861542,-0.46582659634127,0.0708401671176363,1.60953047010446,1.5436625828189
-2.45170577351366,-0.593886117962953,-11.3769486764437,3.3426656046968,-3.68221517834359,-4.03974082962863,-0.90862063440271,-3.60875331655106,1.51931221672085,8.13432349450995,2.91923942259931,0.798242616615136,-0.069584899631727,-4.85947516033868,1.0376104176391,-2.15458981476724,-0.64997325349518,0.499924330033822,2.19937881554099,-0.63591758275202,1.64727945417823,-0.42843177354349,-1.9729195704632,3.60147452044998,-1.83198888771987,1.10014184152326,-1.05472630549505,2.19465712330895,3.31580616133154,-3.52207487018245,-2.4167142068382,0.0321043424660115,0.738590837434611,1.064781484115,0.00455928437310998,1.00335785185168,-0.148315028020569,1.71246882104914
-4.33489610873145,-6.40460250284339,-1.13029073937667,6.54922224298554,-5.57460809351072,-6.50919862869369,6.24085907266866,0.64002862437892,6.32698662879633,1.08262538881667,-2.59656275777228,1.98472941216013,4.17439054720712,-1.75318170640526,2.88130637109348,-2.64399530017193,-2.80904850254565,3.70031663163308,0.660323137822415,-2.40971138973995,1.66466669876595,-2.16236171737429,-2.21417566120512,2.09390465556715,0.134551984250799,-0.129598210776192,-0.693890713467771,2.32643109610839,0.466641956011492,3.35624762828902,-0.626206189491647,0.870993434410407,0.193804686083453,1.48447006064684,-0.673761842734966,-1.04906937962519,3.03986341615596,1.59125383411546
11.9988307819529,-6.60927937855392,-9.31018542584793,-0.337300364588834,2.63391055251838,3.7836466695871,-2.66991671748273,5.01959199806551,1.1438902296825,-5.04480508368685,-3.418390692754,-3.18356375397829,0.730271480181304,-2.08433598699918,0.6091476002373,0.670709647129934,-1.6191922602067,-0.30351773074004,-0.216396782604579,0.511571168780942,1.72941475441876,-3.14165186733024,0.848383236282424,4.5759791553211,1.07275228850467,-1.78124957068437,-0.0882475132468683,-0.694447401336206,1.05626070140404,-0.296772859157012,-1.40484997001363,0.00969722673958873,1.87541867859962,0.982620180349478,0.546581851604744,0.554929733330765,1.79350666519588,1.79836934654679
15.1853599822806,3.97008901702651,-4.53734863043256,-8.91349452391393,-5.23373067880134,1.07978115255458,0.849391519682159,-4.9194053133097,-0.51644649923799,-3.47459513515688,-1.91781344226207,-5.24638318306576,-0.377605144792381,-3.54637513196308,-1.51164668664731,-1.04359981311805,2.45950843076733,1.5462846615702,0.666092787982702,0.121542298204707,-0.270246666315758,-0.286555725864884,1.525221505159,-0.97414929333086,-0.448938965822141,-0.701209882120948,0.295106346490359,-0.362027399761106,1.10172088726455,0.224450593119911,-1.09561564418204,0.0220229902630619,0.452770443094936,0.780696748662472,0.543990103805537,0.563313662292673,-2.51706945483036,1.6160844769598
1.92461020556305,-0.940490274139649,5.36717137556461,1.14675693435789,-8.01423276104802,-0.168548001643632,-0.164991237394804,1.4134855466249,4.65007615961984,-1.02512943208001,-1.21384500871576,-3.80654108566504,1.06941541968813,-1.84251821395024,-3.34286022150219,-2.28466032250522,0.953716021104642,-0.765535681690242,-3.41968842778346,-0.0773428427056946,-1.00686960516589,0.951722279944212,1.74702765349343,-1.87501324177977,0.274700945013479,-0.74647852721387,-0.669263298753419,0.0559136866485329,0.177026074718565,1.43206753539031,1.41243257486496,0.130986343769226,-0.749957099271401,-0.624239536767882,0.00532279359653925,-0.139155551955692,-0.445533262295029,1.77632269741725
-2.45253290013882,-1.62973799028915,-3.43185933237416,1.66029320274535,0.446073560525068,3.63871200009285,-3.63303062491729,-1.6610927347211,-0.289596069061817,2.14839499317774,-4.85258110909825,-4.17675380400356,1.2094273667135,1.47449756558744,-7.79586795588418,-1.23687754518619,0.849095189933778,-0.105436823685721,-0.595229738123374,0.791431613968771,1.01875229182367,-0.563304306070228,-0.879765920294537,1.62438029104737,2.37211817577156,-0.678625149724189,-1.50620049057218,-1.06940625887112,1.41699290009386,-0.49754313581784,-0.136204945460358,0.130288252023968,-3.23752654008909,2.03317767189042,1.09717866497057,1.35799842274655,-0.124249585252865,1.81056588783807
-6.10323437218642,7.35993298225412,-5.59001442922157,0.265882578161921,-3.6108845007163,-0.753793200700385,-3.97836989384201,-4.63540098627103,0.871704210157162,1.24580872740553,-1.7272755203664,3.00502542324657,-0.159591826418324,-4.96391340502909,-2.47374458033046,-0.816294293206741,-2.70440786534105,0.217014141291734,0.382191901899576,-0.197360587295719,-3.35920094245138,-1.29698959156763,-0.927007503637479,-1.03086429465805,-0.289744370271366,0.67740172152091,-1.68293583326196,1.67238893767375,0.942123742467243,0.142676669886286,-0.690946107504267,0.416392750927494,-1.27536027902447,0.0721514497266171,-0.231226160391249,-0.429159113094379,-0.884585015773381,1.74508677942841
-9.7297326615046,7.75114409980928,-5.99263158123638,1.99950278027023,0.0193985877247333,5.37932475723379,-1.23190345669778,-0.24788861413465,9.32743255424488,0.604483053663322,-4.06535982287004,1.88287841601637,3.69394610563588,1.72637526872271,-3.27595842389153,-3.13973635479506,-0.349639909814031,2.64275817199933,-1.82725439255341,-0.0915676762333907,-0.0578726249432969,-1.4240444605486,1.73202625017842,-0.13796535894337,0.269722871623465,-3.26300298123722,0.20641916639822,0.64069031502236,-0.492248416204664,-0.979575554807843,-0.168280071251701,-1.6311346999854,-0.917944775074641,-1.01391360134279,0.58915368298486,-1.50687915467428,0.517730648166172,1.68889738134163
-0.125221238701479,-4.39432017693345,-10.161724975662,-3.20456974658901,-2.82059784602808,6.60982868520384,-10.2789079193355,0.993956715052185,3.87131823144614,3.03123514009575,-2.19166248409962,-1.77592475515983,-3.10143090596063,-2.84551187561504,0.218652015085652,1.82698749689885,-1.20849556010822,1.91215334648785,-3.62927866322399,-2.21724150573203,0.330217328793551,-1.32864458613258,-1.30577061001974,1.40372075949277,-0.984697338156408,-1.22640413140736,-1.03954563689837,0.957796582118172,-0.499826974277336,0.476950397439289,-1.15257538055334,0.28501709313403,-1.33285542391688,-1.07550738156777,0.50994078888406,-0.760031700819685,1.49194214445413,1.76106190385098
2.10871492094649,1.12905716164999,-5.13008450781356,-9.71748103766594,-10.6233052613583,2.56903447401554,-0.520345908147233,-3.47446637421493,-1.37615912682127,3.49696377512626,2.78205084544781,-2.30314478594978,-1.95906841398202,-4.01402268442585,-3.48600295163537,3.81185166931088,-0.35964838341298,4.02933295117659,0.44216718865669,-0.296174560393214,-0.66591456281458,-1.16564793276122,-1.35484625764496,-0.913746306023797,-0.984756657493702,0.367876919126072,0.608541015554341,-0.497005115776282,1.81118471072925,0.49764636329162,1.65946859337352,-0.789808168277617,-2.77228515623375,-0.148981983273771,0.218234194522528,0.424037419048105,-0.560298782410502,1.66212688354372
-8.55951372676922,-5.49206416579921,1.70557239715328,3.97077719650756,-2.22674735149287,-4.99472150199859,4.80337636127683,-0.586795717184983,5.80379153505129,-1.82019026646892,-0.276651987292756,-3.06312013172434,-1.26268319602304,-1.27549116030345,0.826503658997415,3.046401964456,-2.52776074670526,2.04142903352073,-1.45596521134961,0.473323065555195,0.303988636912752,-1.65047425400351,-3.74076053570046,1.34528691622809,1.76903047734591,0.332425623078452,-1.60342612085056,0.802432215171545,-0.645616820139961,-1.69760684249141,2.48100124852602,0.0874819524350392,0.47677072586972,0.207528628454794,1.66106456025286,0.2585697958452,1.09736526757625,1.7471672537815
16.1211101183729,-2.27544675039123,-4.14925504401148,0.187061344727389,4.50078444601641,1.58706538853022,-0.481086217352252,-0.752425242818984,1.35007172990613,-2.02594241649449,-0.55845696730988,-0.751827297674076,-3.7226782899465,1.13894052461835,3.1552566388412,3.42976935624726,1.03138709308819,-1.16610866130562,1.32893356620192,0.262960854155716,-1.77010653532235,2.12678866217942,-0.908310863861616,3.52243293454532,-1.12289654536072,-0.746386934360727,1.81105076375938,0.136386164084593,0.834338665154361,0.202046517241585,-0.252385542530088,0.18983329881492,-0.463382003021271,1.95245438285164,0.211535464788879,1.15128664890853,0.559698536484989,2.02652072373158
21.3692804720235,-2.71506222236241,3.25318717611395,-9.60768671849282,2.60027732412087,4.28030821914139,8.68553719121967,-0.663010950748702,-1.79717898048765,2.01939472225039,-0.0645548559592561,2.02361104095328,1.06070217162909,0.933352173075964,-1.60172876901253,-3.72866798143286,-1.28086986603737,0.920677000840313,-1.04740607413905,-0.0751016478854044,-0.791622288277621,0.652511278217814,3.00719983371176,-1.14802161982873,0.693879959999798,0.599268689170469,0.475236941608212,-0.693652405406645,-0.254884833509468,-1.05585780006545,0.292588425505698,-1.42440452550849,-0.980799543501005,0.238306026431395,0.336487043682153,-0.450047239104998,-0.0311545760849047,2.0855167004186
-13.8250541637786,-6.69140805077593,-0.514279324154377,-2.45962007520735,-3.42210432299767,-0.28400530563177,2.01878878466122,4.77174144889502,-2.10026888435949,-0.821715086193244,-2.50361841726862,-1.63368784570717,2.85589036178759,-2.44538356422997,-1.6174879702679,-1.92902624764937,-1.13088012727931,0.412942242006823,-0.584529712993166,-2.6882278061368,-0.993143948985452,0.711295098206178,-0.41362793660831,-0.324262390007824,-0.219789546826231,0.89195388835299,2.83669938350479,1.49397343746959,-3.53878094391682,-3.49849215215033,-1.6861645460735,-0.70384539163735,0.628297695833533,-1.94992377509002,-0.0862492884989307,-1.27363172575765,-0.345161358417616,1.80165408996782
-3.44152117385676,1.17674805264305,0.696546214042194,-5.52719237875208,5.87376263665386,7.34704528704176,3.66874379424115,1.19775701333362,-2.12124341808911,0.753736406848501,-7.45311839070817,-4.52720562126875,5.35774083979049,-1.42415665939173,3.66448702149905,-2.93161477868278,3.63933818265358,-0.780321802246282,2.00049022625103,-0.817432935524632,0.837951201773908,2.27144374386255,-0.857061072574128,2.76175232214155,1.07764535187777,0.47268375046716,-0.464188323994942,1.10115882897674,-2.42499128479126,-0.10219953192505,-1.62140615572513,-2.00560113766407,0.700197592913663,0.5410268424594,-0.581360559319012,0.0127781415398851,-0.316738490072992,2.12999189954878
-1.72780943932574,5.51682000573466,6.46389016899909,-9.46148127134503,0.395810191561025,3.65591782502742,-0.699028458643945,0.133566472248944,-2.35731585441722,-2.69416187873302,2.51308756030038,1.42760703919294,9.17240013742764,-1.27100107338509,-1.37496471367969,2.36597996586534,0.750177803585137,-1.43754870564309,-2.84742052641545,-2.00606796750575,-2.9472429962981,-0.161467389715717,-1.38068091277244,-0.21881446686341,0.0832627869140778,-0.366629166619864,-1.29304409912752,-0.563197657192193,0.579555329311112,0.533812523184899,-0.987048246109608,-1.63221590578396,-0.276100254734741,2.44729134125157,-0.437290664247503,0.584912266762326,1.45886976383008,1.86693776065881
4.82519853726507,-5.22213162471365,-4.47559317376422,0.404943460338697,11.3891671411469,-6.73955210598418,-3.5243486019964,6.10644194121104,4.50246372755949,-3.77620197644222,3.96775103274169,-2.96058682306823,3.87760564327202,-3.32562725195458,0.867912734872876,-0.44425374178421,0.426691157420375,0.668218881395513,-1.55035044514554,-1.50760370849515,-1.85360848004005,-1.36618594241609,2.61609069774144,-0.503197714256079,0.135665403818456,2.55234596280561,-1.01619577084185,-1.49712170486943,-1.46279196897625,0.05970049113239,-1.34058129647762,-2.80014151405386,0.258939564414986,0.151955534948993,-0.223105554111946,-1.04122137547232,2.07805712809041,2.07388961624237
3.00320100186977,-6.43734693740758,1.62488522517014,-6.78611754880204,-1.77506570958074,-12.4431196972858,-0.680654336537587,4.92429333494922,-2.90569902033931,-3.76174391343,3.21503893177103,-2.22178156346236,4.82018994112263,-3.22655142166652,-3.51947696493736,-1.94258186072506,-1.05416645535523,-1.95595131329469,-1.48488316766187,-1.3337669280604,0.054086096960042,-0.789701693966123,0.530707126297747,-0.484087644309717,-0.165569281999602,0.696178418018607,0.0590721465345168,-2.26653896645767,-1.75842243087938,-1.34765121780701,-0.371128499596826,0.443013788037809,-1.55290062896102,0.425226079844708,-0.861628352396319,-2.37879657451962,-0.08170764355758,1.7257160967445
4.98646571484881,-11.0730850553186,4.48477213775536,4.80667850324006,-0.612737203338009,0.560331757867093,1.0835676868665,12.6253386160014,-1.85081559730921,-4.52830149824466,-3.31673539606443,3.03826659117177,3.16905215598058,2.86438862066022,2.38281548579136,-0.692732487794005,3.95001899161115,1.1540844175215,-0.8333173605755,2.2588706550865,1.27172707665014,-1.77144514338296,0.100638142266615,-0.810546235600264,0.799712018389065,-0.301029065972145,-0.641997761837095,-1.737996769235,0.648095347025622,0.425065700888092,-0.281035067622067,0.0654305260926027,-0.473789167179352,0.781022622021962,0.59865596852171,-0.888557200877167,0.688585375164358,1.76445062005603
17.1807237971609,-6.355884540021,-8.14579473950369,0.0320630507930422,-2.88539982513661,-1.53731879336309,1.37982717866595,0.905789451708275,-6.29547156172044,-0.184956523402305,9.34519256485526,-0.673727140954057,-3.90583751280426,1.72224555756162,-2.74973365277601,-0.957992962838151,1.25838024263814,0.0359821302127909,-1.12662203903776,2.83119793234971,-0.106269305281391,-6.1090707362238,-0.673531311999017,-2.32915285753432,-1.64823575615956,-0.824722172553406,-0.100195228244577,1.16451832078389,-1.23929631686635,-0.214061052558564,-0.47857670153168,0.783885191032353,-0.0502423127198897,-0.0798044125036868,-0.387421013273465,-0.322027092214283,-1.95281600412788,1.9665137730058
-5.93172926351374,-7.24054228094097,-0.595611195778711,5.19014406816988,-3.47920507178356,-3.63330365808745,6.59334534679684,-3.03420651765617,3.58472811591934,-5.73324228039031,0.619416930711301,-3.93407792721234,0.33299621864907,0.566325173184117,0.0416389614449776,-1.12420171525724,0.514721018526855,-0.630672218569993,1.9340197281833,4.44424572964127,2.91952370050764,-0.683990768100465,0.456567316842354,0.498411960619417,-1.56541903200318,0.65551402664346,1.61088845892409,-0.535041794736963,-0.139891885660231,2.14840047126191,-0.609227491954135,2.73309916582733,-0.460114321223603,-1.38926511468489,-0.648675084456355,-2.69045670330742,-0.991112412544873,1.55997232822275
5.7930277857357,1.95250169950835,6.55249567796952,1.09770420379966,1.25048900891609,-1.8871716074314,-2.8893982439021,-4.88783837503208,-0.928975067792698,-3.05688251536757,1.22649968672405,0.826927910934341,1.10172847518156,4.02616940601724,1.53924421289077,-3.48689728000855,-0.665827600267301,-0.384224921007278,2.55777805464353,4.37654504060687,3.59560992661063,-0.80034547345522,-2.05680532410317,1.39008113903007,-1.35241320684383,0.340422449423399,-0.478439481964402,-4.683086720911,1.32994205949405,-0.500094379308373,-1.59598960336877,0.707332265388246,-0.56082775507893,1.066300371477,-0.93956003240046,0.14751845342622,-1.15240294875274,1.71257560736171
4.02380986167675,-2.83265708468669,3.50752749135064,-2.39936706436282,5.25232789452501,0.953978698227117,-2.79642212302647,0.490721049972113,4.20308151139602,1.34673714020148,5.33854818668405,-1.50920498335014,-3.50277893452286,5.33411055463659,4.31129727807451,-3.25126060199633,-2.26293620694317,-0.0565349533579822,1.75295225141273,0.928307806773072,-0.874894977804988,-0.39171226405072,2.66869066866365,-2.95164377438799,-0.799213118346884,0.0377631845444327,2.04907930705121,0.722255406136815,-1.62819810903618,0.851771924559276,-3.07723334711025,-1.0418830755391,-0.314351245776456,-1.90334031091538,-1.60524109661769,-1.40025834064139,0.00621054873380872,1.85303413172258
-1.19550789962854,-15.7130402603569,5.74323259224329,-4.05603510340211,1.31406109288879,-3.91848589368667,3.70186107577,1.09813190047575,-0.300195114071862,1.86438344318353,-1.17530341099791,-1.28413763661876,-5.06355278906081,1.93627679194141,0.20561070889692,-1.21498908114098,-0.848662686459452,0.236288353168337,0.142010116404311,2.12708553829175,-0.953176490385667,-0.53585430410807,2.76784961423405,-0.410738996433528,-0.196321492129886,0.652804675998895,-0.699474650184654,-0.11755674646799,-2.35915716588991,0.722242705050081,-0.739740996854522,1.50772879961429,-0.658996933893295,0.251349714067192,-0.288034441235093,-0.89921233387049,0.955043142149888,1.5695462590663
-5.72774359581369,-18.9661864779506,-1.61039369213519,0.527211659286961,6.39616038337474,-1.85444747511103,2.75237864663843,1.06554255107226,-7.49130005431218,-1.66106908839438,-0.525107058552463,-1.6109173863714,-3.02588338658112,3.33144413384767,-0.324701178673417,-0.820339997180617,1.12292793365248,1.70077821096324,-0.478808090859066,3.25448738018228,-0.562241874626664,1.08522714393499,1.64034964331944,0.454396675197659,1.48581876693817,1.59919763588143,-0.543704528931401,0.0193523662407049,-0.729549431244653,0.816839273375186,-1.66083348836257,1.58636782893403,-0.339618214279562,0.219788866011671,-1.47851584746451,-0.0545387964679725,-0.606006049396023,1.59266337898638
-2.70037451827724,-4.6414635279298,-4.23734684235012,-2.69723553042061,4.29759007894318,3.27672173918168,3.93966266563153,-8.67212966202741,-9.30990985042265,-1.09166971735215,1.01730865802082,2.69559660773785,1.33381759163925,1.40203957864375,3.86013278469308,3.46765903249551,0.862392116105172,-3.11144701515493,-0.686018198352612,-0.906773027897824,-1.21417847432064,-0.828530515464172,1.78072166161223,2.28304326386594,0.595693537300498,-2.21965104709809,0.687813806310329,0.68091377292834,-1.27935300998456,-2.01351119246067,-1.45548738509211,-0.772059450136547,0.330049377273766,0.145037379761445,0.256451908823988,-0.517120854711062,-1.01254161271148,1.65782430764064
1.28172439832902,-0.462067011076799,1.18948088988326,-5.61436026778898,-0.534342599306931,-0.764298165359706,2.02872496214105,-0.560551727992706,-2.32779751016983,2.84039767072158,-0.888024611673832,6.6853983520676,-1.17997542671008,0.358511496157374,4.42849629846478,3.44023248625022,-1.04583904982847,-3.8984693908923,0.483338105266645,-1.51577766289401,-0.922762810710414,-3.4272286525001,2.49326322798287,0.21503659626214,-0.936935861965587,0.35220036421624,1.18968984701809,-1.370780074204,2.02389707737002,-0.911694338663917,0.450052032276441,1.35351871978818,0.940874231272149,-0.38366623754358,-0.572010764607556,-0.469980919035725,-0.260345166434337,1.62200414759986
-8.25002951528107,-6.47739659862226,2.35377060140763,-5.30100594910216,-0.184665866361198,-2.18741881399364,7.10693372523311,0.413229867263543,-1.19490974685608,0.906699041009134,-0.561091319525128,1.14587601911943,-4.05356630448739,3.36105903394229,-2.97445453635606,0.631827831543307,0.376367815986604,-2.4371771456746,2.46019051611195,-2.2850253732509,-1.4768402121963,-0.847004948658746,0.684088097244723,-1.06676538839996,1.73793875223309,-0.526390820828961,2.16650505659188,0.281881723585264,1.94310721347682,-0.19300615312855,0.308237945141714,0.0755656677465397,-0.765094884499679,-0.676312944348552,0.130284414117406,-1.94917938072033,-0.24631405689611,1.61772808443112
-16.2554883475657,-0.505551699396846,7.94377334537425,5.59403316880194,-0.814173374926799,-2.49546551296488,5.76412178887568,-2.52239283930224,-2.64405683823761,-0.548540498038692,-2.28539933115841,2.43540127093597,-2.36846769680115,0.776731938323247,-0.976109795799861,3.19945033513633,-0.533290235064388,-3.39720571313728,0.69163944333407,-1.88573133550872,-2.04853963683447,-1.74203268167895,-0.23523833198081,-1.13206885536567,0.338177759106788,-0.237047502211287,0.829442475237264,1.21581667288406,0.558469083674435,-1.99894070121046,-0.905506433086208,-1.31466721779498,0.508090816797214,0.218978226056244,0.166906960799418,0.979313326192649,-1.06666451912083,1.59279001385747
-6.15607545229724,-0.238096973921821,7.57505813261133,6.07935140011937,4.92846350706428,7.79650864021077,1.4163982335357,-0.221982738551333,3.65092357370927,5.91314004204094,-2.12854139771922,2.32975124713532,1.08097082792775,3.43628671929241,3.53949706379863,-0.183377152125539,1.77914586166424,-2.25167834961837,1.57376607039869,-3.30914118108974,0.272557484896918,-1.67997527185423,0.600254428651945,-1.76487180299819,1.34995735754195,-0.646264050094612,-1.35868809554571,1.3373121349336,0.909429550298265,0.559018192208394,-1.52716907008568,0.107508667966933,-0.423257072667056,-0.238094496352768,-1.59625440194816,0.93605612337124,-0.617607233052234,1.71248217077423
-9.15859678423582,-1.65451678576421,6.97594483973298,5.94821705020762,1.5096282372093,-0.775514262311647,-5.90854854763837,-5.02195631767537,-2.54707683842044,-0.86833427282929,-1.35767018313308,0.989104055481707,-3.37733473145414,-2.72665762945622,-0.513031819416523,0.0895672006993765,-0.504713951705201,0.506846305615537,0.921412814636303,-2.67818579310809,0.646533257252944,-0.819577310227882,0.976480591113966,-1.1254610967679,0.807225541115808,0.0265266078655185,-0.585016328841571,1.62137391244193,0.240968570506945,0.320499560573307,-0.751051631300311,-0.536099278109838,-0.0652980910746676,-0.772006457258291,-1.06725324730756,2.4688868979388,1.20049570781288,1.60148120755017
19.6478802797549,-3.02184154534205,0.339714393158079,-0.748364185651548,-4.07522539984473,-3.46357989339952,-4.71875039129342,-5.11477578027276,-1.28662276963243,0.372253247883132,2.48379758081418,4.60450817246366,-2.02736997269729,2.52396688527763,3.21388500617209,0.846071875639123,1.43449267559263,-1.9241806992622,2.48657206066729,-0.317081915839547,-0.427286361409232,-2.00124091571553,0.197762945691064,-3.2847136512053,0.762999553370209,-0.662488492525566,0.840864960668753,1.36747671365108,-0.518519340858416,0.938949707269462,-0.37413830087281,0.757841800625643,-0.0958507294590407,0.559695643096097,2.84252808960611,5.06997629194022,1.25324450005427,1.5214552075851
8.22007966730681,-0.907915664190265,5.95059945548806,1.40046291405034,-8.06654153356173,-4.03392278814289,-1.95603155073533,-0.986911161787648,5.96357086044581,-2.70328455919595,1.87150527466328,5.40438559497297,-3.29797772560578,-0.966609106041869,2.41907596415854,5.5215444534617,-0.585827101170855,1.61390920219914,1.68175703625016,0.959331355343264,-1.99546214213243,-1.99488612790789,-0.208223020036793,1.02847025429038,-1.18918557810183,-1.65030828962144,0.577409215278247,0.31534342733918,-0.314956647312002,0.0429592486730693,-2.50195111262177,3.82448414187601,0.2249043782267,1.7003846171784,4.7372988428896,2.58407147983236,2.16367500475944,1.40992497829004
-15.8373686207624,-4.64798610891015,1.34803154441818,1.59330377279941,-3.39325271415564,-2.29627186867239,-0.812342299666129,4.48657700896757,-3.02699990418943,-3.7857605075033,1.94218630167095,-1.69362230512389,0.15160222975582,-5.20480719485625,2.5578583239092,1.95059833399285,-5.18878826027212,3.52916498379071,1.86685428787355,-1.36465393130626,1.74604255325788,-0.499585094189125,0.724290742171223,1.54231275128033,-0.593061498235359,0.35228777441601,-1.26800732204139,0.589400446020486,-0.833824183477684,-1.58008011192905,-0.227753742497502,0.879147911040651,0.108932190113226,-3.15109963247904,0.13124920767784,-1.19990087358302,1.63375467664846,1.36226159813324
-17.0875641851395,-2.85041678904964,-1.84516826478496,-2.75575954608872,-7.27469084478086,-5.35116313549699,-1.89322906210542,0.527270472239831,0.557809235151828,1.05263658549934,0.166882594546983,-1.80743739645738,0.832792526196298,-3.74471879293911,1.5262747278561,2.45450854341632,-0.124269355824344,1.40592708259871,3.8852659843393,0.970920673340265,2.24221499221319,2.48115689237465,-0.112495226536453,-0.133436155415481,1.73959912724466,2.50881349069012,1.77025852277018,1.14815441411393,-0.746476791094951,-0.345337497688689,-1.93267078454538,0.2581905423678,-0.871867197984743,-1.59990604586336,-1.55715127040384,-3.66339444271682,-0.462758135568468,1.32731356735246
2.90257171582356,-4.05111416905499,-10.0280913597097,-4.95920819085586,1.26097289322692,-4.63336097224042,0.3804575151605,1.97133331903273,4.19771525093555,2.32280191029759,0.310551325351574,-2.85700660651333,-0.453129457704607,-6.2554196229194,-1.58199458960633,2.40735111515564,2.05521260638788,-3.12059551608552,2.34180823569593,2.40595027416397,0.458900117339527,-0.887013776366588,-1.63308797783847,2.91761427386723,3.17999276871538,1.05553876252182,2.60006419735769,0.677923684874798,-0.214681618431954,-0.368497935672292,2.40489371210787,5.92435161841686,-0.409519696077374,-0.599082194933238,2.69485712252578,0.663518296121274,1.53056689439791,1.86650725089304
-5.98478444437489,1.67876496114076,-9.10940179321827,-1.92954213774616,-4.47792584562002,-4.99531870237117,-1.77781340004763,0.807843916801368,9.18525623358991,0.950511110952308,3.43217208381379,0.369972735009525,-3.08778677804801,-1.6043490319124,0.18050234548053,1.11928750633038,2.60578539487779,-1.90801650031845,3.0619295537908,0.720398790430017,1.37709606844682,-0.421222395124449,-0.460304906774462,-1.25842503102509,1.14419203563283,0.355577342904082,4.82789504195061,2.70574156968009,-0.52905874262986,1.32952726219678,-2.86835697851174,3.46219700800213,-0.160110537855963,0.312724869469421,0.289112320365218,-1.54683088416496,-1.91908473261419,1.8191209897821
-7.38638385174021,1.06635310866079,-1.72442758449079,0.322010125150184,-2.24846063994251,-1.89414145554956,-3.07480310203356,3.0317637471966,1.41342460648328,1.01019315671927,-1.50726693875846,-2.60727013050692,-3.4579617325826,-4.84769966440967,0.116187654238292,0.934384336271991,2.57149190097897,-2.07628304830185,1.73158932344711,1.45625978188615,0.635711910843253,2.20413842113292,0.591733392568947,-1.37795852531866,0.154055646199542,0.00222320321390806,0.546798700404105,1.64770677844127,0.0463203954547332,1.27499751826648,-2.01555072734373,4.37768623272223,0.83344787195776,1.88411191086241,0.805725470178323,1.84142827707913,-0.461695644215181,1.66258835069366
-11.6551422100279,2.19762610424457,0.888427461295827,-5.44657752757698,-0.835328035902495,0.156020752585779,2.11413079033474,0.121579400434782,-0.512268460483815,-0.583314550769062,0.0648576404262792,-1.2268838481777,0.152809164625273,-0.640622286527702,-1.77705710728265,-2.57986066388132,0.0939978630502857,1.29050482377265,6.22579107581772,2.72051944617942,-0.242479713136635,-3.49282585910141,0.767439211509676,-1.08414926773399,-0.286931694182382,-2.96336918105521,2.27376229281595,5.14714773914355,-0.77245949137757,-0.351829883939897,-2.46752397271121,1.03951645964815,-0.61312793483289,1.87725179187137,0.482866410089211,-1.94415984028738,2.47261385068441,1.50108914982876
1.0798811319401,4.03839463970904,-0.38231557861189,-5.97277507789696,-6.84575806234163,-1.75497460605059,-5.75850445308866,-2.69786778615134,-3.67514984648,1.05530042582808,-1.74526551431522,2.9061047071511,1.06176882139994,3.05274980020046,-1.00683333422718,1.12348206972625,3.90377301383907,4.48072694840466,3.7219817450224,5.01770066984522,1.4438429525134,2.79539622243134,-0.806326055769839,-0.960898492206159,1.8651547100158,-1.75382330313876,3.79834898625695,1.4474008127314,3.49288223343449,0.976326966213318,-2.9474986040852,0.997475464247394,-3.9388131104266,2.68157646979469,-1.93640746107914,-1.57819808281576,-1.51402773995848,1.2111752845534
0.298427524770958,13.7692682035969,1.02075914462829,-4.14038658868484,-2.35411077849743,-0.88291508291765,-0.0531087287726491,-6.09501212987772,0.214046455904631,-2.45961110687433,-1.79044289925576,3.18840342852476,1.59611411724831,2.73056427482663,-2.90649949931348,2.0019433679952,3.63636274940452,1.38389650167013,4.17138688005177,5.46997501452117,-1.91819620924742,-2.79805492422572,0.222408733757541,-0.334573847712793,2.51579262805449,-2.51686451696793,0.692485691685542,0.807610887450878,2.98347625878201,-0.419212852672956,-3.27429694174326,1.42825281478719,1.19515778613853,1.31000904708353,0.50365718307047,0.414658530067364,-0.162832266758054,1.4865659699228
-1.81300811667177,15.6700929633728,-6.38189132790923,-4.16934489403014,1.81862447146004,0.332873666466053,-0.798208665628949,-6.26281854063868,6.61783467429439,-1.20377731330767,-0.231698629460117,-0.0497569189466742,-3.06578020218393,3.56177742182765,-2.15084622332802,-1.13138632616527,4.13473043010694,0.974470716792719,4.03321283762819,7.424693925574,-4.52554910006069,-3.13796889365648,2.9240055982,-0.844655061526495,1.44720797131851,-1.96759949943004,2.78176575409985,5.17133960051233,-0.877323436665761,-0.795834499965924,-0.924252251318079,-0.371320238351431,4.10600770609124,0.95733211528143,1.01866143242683,-1.58123809576004,-2.81375238020122,1.57527075838252
-6.04074643513153,11.3709879801701,-2.18860651058318,-6.76074507397951,-6.41745550421697,-0.803263910033458,1.09530489139236,-0.446135095791271,5.06877712985405,0.337898705124607,1.10486125505901,1.08959802535183,1.56666290823355,3.57565236861513,-0.188953641989126,1.76415583388093,3.42264724951539,-0.323514765202328,-1.22350998066037,4.70110451703624,-1.86956735452921,-0.844174943121028,-2.05543542221008,-0.022173853785166,1.3397607179524,-1.50003109616764,2.14877358269582,3.3988741866376,0.83350258096087,-1.8125771030899,0.66366564484445,-0.506656220861694,-0.0470290503807895,0.654673397376743,-0.695442341890562,-1.60100226366602,-1.12655046454529,1.63765711167148
-13.6910007974039,9.25121226947828,-0.218250454321586,-6.73215858235044,-4.70058032216141,0.347038291763977,-3.73457014214074,0.640248645449302,2.07288799272117,-1.57797623751983,5.03938444181776,0.209264494161919,1.6109721861588,1.33604988305343,1.01605768112419,3.77142869302395,1.10319610426979,-1.57795224690597,-3.75968715819012,2.81815285740064,0.437452368466959,-1.16587879774086,-1.24160688340542,-2.92389939637771,0.949582871582851,0.507521358996796,2.92816826350937,1.11920946735891,1.71184009387485,-0.496909139544695,1.72556915349759,-3.05499809472923,0.672117197344689,-0.747608344946975,0.235784268479991,-1.72320719470853,-1.80041064765511,1.74042027509864
-11.189579585334,4.33360457027142,3.23339690296499,-0.990243042874052,-0.998592126234313,2.29531653344094,1.62133300898475,0.0591298038515743,4.24030935754034,-6.98982873349427,0.116737242584946,-4.0701459384395,-0.728985269484281,0.227908145483652,1.58170136489989,3.45860956083069,0.930538198778639,-1.25943100678261,-4.50680050956988,2.65148716958571,-3.07899873761306,3.71023626022691,-0.492556132856701,-2.19660096614337,0.379119384327165,2.58679945422844,-0.259094170096809,-1.50450739665152,0.978943617722216,-3.16381241069421,1.50426325644841,-3.73608644368556,-0.819856319146256,-2.32587591219267,-1.35909791327003,-1.75766767012939,-0.0452955924645292,1.55407193822442
-4.79961581192671,11.9795506680641,-0.267322383397292,-4.50477654577734,-5.02197552879059,5.30350922842286,3.23227084722427,0.683757191719508,6.6035767054163,-5.87516443143712,2.4655902353554,0.288200228012514,0.370994122985357,1.94784962862865,1.96215743254831,3.19426169426861,2.18905619735675,-1.22051069511868,-4.04884342247218,3.85226167963679,-3.59128465000188,1.11056723620431,-0.291667564878557,0.765001011574345,1.35656120337015,0.490849756133655,2.28575604507303,-0.0946330273243788,1.05853946066896,-4.06515099646495,2.61801866825298,-1.42477630087656,-0.305857613533475,-0.556775403851831,1.61938356120441,-0.560688423965471,-0.532821079085026,1.74363542909568
-9.80507814714716,4.34305167923063,1.76112621433325,-0.369818428416173,-5.02235624776438,3.7684163143844,3.21356820073647,3.9631240406092,4.48653575626149,-5.4434667198219,4.97298917798098,-0.334385658068579,-0.772473035521954,-2.63669638101252,1.69716428562531,2.88027376984442,0.917280230432541,-3.16040314882358,-4.47755812625033,2.72087992908126,-1.94032773876757,1.63751835510635,-1.48915857014128,1.73258376339884,1.87102839035861,1.44570619772022,2.35057034523694,0.0911927282900146,1.27121717821823,-1.4207532509193,1.60432493199363,-0.658811154406347,-1.92988288234582,-2.06869673846846,1.02571302889303,0.305118678805869,0.579353545204192,1.9134774987942
1.30175437525974,1.21239304714768,-1.61758890775473,-0.0859500518511745,4.70750697897376,0.160098945972849,4.03931762202008,1.06859921881775,6.02496767292075,-9.06642617447122,11.6682263902112,1.16519958333837,-3.21108004014249,-5.30957410722223,1.52820134152405,1.81028656109855,1.95207082284426,-3.92464246315961,-0.0249125919821847,-0.688056735465019,-1.29645085753814,-2.29254588021506,-0.0779684536157729,6.96011133867488,2.33057182268726,-0.525614005257277,1.5778685607511,1.88569754311572,0.562993709902346,-2.68593449956835,-0.986504595897946,0.9090752823166,-0.603499781665942,-0.97381183850619,1.09038538512128,1.18944032679458,1.85883050658402,1.85678090825654
-2.11204144757446,4.89758450245548,0.445849536266558,0.753095105300835,2.95921301611957,3.91894276950939,-1.20831765091915,-2.33164567533731,1.96199691624891,-8.0174690750055,8.17216369303768,3.69454116195686,-2.22242951833601,-0.705846522112978,0.209455461615703,0.597709093714968,0.163115776989362,-0.345145443704408,1.16483164502932,1.60596891166519,-1.91354357069676,-2.38185621077078,0.159602566863145,2.59338785915541,3.80103092676762,-0.76908902935641,0.140904606857267,1.59596285209709,-1.75906050129708,-0.876692728946775,-0.678363349592635,0.456270320318952,-2.35763244193309,0.586151674369543,0.49974107276394,-0.480865894598383,1.00370155501023,1.60827441241475
1.70448605462884,5.20070995686496,2.74226261426676,0.181651361698371,-0.133939023124107,4.20437166229867,-0.231617253528547,-1.00245314382513,3.57308600953887,-5.70911209465695,7.58539821169185,5.03149984416679,-4.7517740551209,3.72039344328776,-1.73598246895084,2.89046778433583,-3.45502515205232,0.548768457026373,0.867012725594408,1.37851493128482,-2.80342989014096,1.75145772874666,-0.236363595646927,3.21853119395382,4.61531932864323,0.641629487228016,4.01985454860933,-2.00795061588076,2.90969079805184,-0.0552372759002308,-1.57130275847525,1.17716115999848,-4.15350811390418,-0.854700215982711,4.3638190711088,-1.78837612489516,0.876395826891559,1.64329490279713
-15.0644200143054,5.51817070286988,-0.0184918841382342,1.98443097895753,4.37683790429238,5.58401681780796,1.5349312268863,0.504039632156536,5.73811681121822,-4.64411316841246,4.5161954783564,1.41461192400506,-2.44391695857695,-1.99954019687175,-1.43069702212971,2.93447693851031,-2.42505409996527,-3.6448419504253,-2.34314106567425,3.20289602978372,-2.34533914764406,-0.360588272694789,0.994277842213313,1.17969970252042,3.52998132819907,2.11304184925504,0.848033052602332,0.64466662905192,0.266859407269559,-0.956448995195196,-1.33895141735191,0.478283600551394,-1.46273876978318,-2.24198860016723,0.390986052652648,-1.14752077490425,-1.0070281942878,1.44709507191606
-12.3377464462338,2.32592712609258,-2.98268012543301,8.55909613520624,0.145056246666434,-1.29953723629998,-10.0323295822385,-1.05652734149108,2.25498742108067,-7.61513291275695,8.00163066657495,2.25445364936571,-0.16867066447892,-5.32095848786289,4.53834139341014,5.41123040835191,-0.451463846081658,-3.3515135227724,-3.72141617983303,-0.865323436609365,2.85047090531912,-1.63453399857979,-1.06223321870573,-0.303223091839887,3.26796920588942,3.17989869693655,-1.52255082164364,2.56500146006377,-1.05668834120421,1.73109972127568,-1.17303953425383,-0.931412470516064,0.938486364767614,-2.32774090943403,-2.93939406676288,-0.314321120116466,-2.95494944930793,1.6264078191581
8.18222518080374,1.60826248998922,5.2771622323913,2.25869141828163,8.33350039570449,4.22216791033743,-0.175384493948179,-0.86625804927363,3.42467552840821,0.496838426120527,-0.100401895780475,-4.20743215344473,-8.09553846090554,-4.37016973395792,1.43920833310256,-1.72313601622096,-2.10187026577297,-4.59009876880866,-2.58667258678096,-0.408065326560696,0.847775929312333,5.31326933606873,-1.06133536920679,3.80220854136813,5.74230326794558,4.46032017153107,-0.124988768646606,-1.39703148052919,-3.45997276361408,-0.713243622241397,2.69528062662203,1.64748119430453,-2.27555191531112,-3.21518885823061,-1.55207021832723,2.62932416281652,-6.32124108301151,1.97098596433375
-1.1778647307822,0.301409141672998,3.9672581551181,5.41514103000888,-0.117835863619879,-3.59710041279835,-7.65495714261644,-1.15057842431762,-1.48376232048207,1.10138640273334,1.92262479581539,2.11221072519567,-1.74568245439143,-0.72377729930279,2.70983430901298,2.63568967553401,-3.8821793392959,-2.90211772871696,-1.6346799956286,-0.527966797510696,2.31001435421998,-3.10535911155049,-0.194788509456754,-0.158634952423499,4.93850555036537,3.13987430217876,0.925090251383637,-3.41442429210768,-1.10091861098976,3.3096790206934,2.03249691411696,-0.653927579219965,-0.924959750169763,-2.08393558910644,0.444189821441679,1.08053777767329,-0.130209098827809,1.50871500602556
