Id,sentiment
1,1
2,2
3,1
4,1
5,1
6,3
7,1
8,2
9,1
10,1
11,3
12,3
13,3
14,3
15,3
16,1
17,1
18,1
19,3
20,3
21,3
22,1
23,1
24,3
25,2
26,1
27,1
28,1
29,1
30,3
31,2
32,1
33,1
34,1
35,1
36,3
37,3
38,3
39,1
40,1
41,1
42,3
43,1
44,3
45,3
46,3
47,1
48,1
49,3
50,3
51,1
52,3
53,1
54,3
55,1
56,1
57,3
58,3
59,1
60,3
61,2
62,3
63,1
64,1
65,2
66,1
67,1
68,1
69,1
70,1
71,1
72,1
73,3
74,1
75,3
76,1
77,2
78,1
79,1
80,1
81,1
82,1
83,1
84,1
85,1
86,2
87,1
88,1
89,3
90,2
91,1
92,1
93,1
94,3
95,1
96,3
97,1
98,1
99,1
100,2
101,1
102,1
103,3
104,1
105,1
106,3
107,3
108,3
109,1
110,1
111,1
112,1
113,1
114,1
115,1
116,1
117,1
118,1
119,1
120,3
121,1
122,1
123,1
124,2
125,1
126,3
127,1
128,1
129,1
130,1
131,1
132,3
133,1
134,3
135,1
136,1
137,2
138,1
139,3
140,2
141,1
142,1
143,1
144,2
145,1
146,1
147,1
148,3
149,1
150,1
151,1
152,1
153,1
154,1
155,3
156,1
157,3
158,1
159,1
160,1
161,1
162,1
163,1
164,1
165,3
166,1
167,1
168,1
169,1
170,3
171,3
172,3
173,1
174,1
175,1
176,1
177,1
178,1
179,1
180,3
181,1
182,1
183,1
184,1
185,1
186,1
187,2
188,3
189,1
190,3
191,2
192,1
193,3
194,3
195,1
196,1
197,1
198,1
199,1
200,1
201,2
202,3
203,2
204,1
205,1
206,1
207,1
208,3
209,1
210,1
211,1
212,1
213,1
214,3
215,1
216,3
217,1
218,3
219,3
220,1
221,1
222,1
223,1
224,1
225,3
226,1
227,1
228,1
229,1
230,3
231,3
232,1
233,1
234,1
235,1
236,1
237,1
238,1
239,1
240,1
241,1
242,1
243,1
244,1
245,1
246,3
247,3
248,1
249,1
250,3
251,3
252,1
253,1
254,1
255,1
256,1
257,3
258,2
259,1
260,3
261,1
262,1
263,1
264,3
265,1
266,3
267,1
268,3
269,1
270,1
271,1
272,3
273,1
274,1
275,1
276,1
277,1
278,1
279,1
280,3
281,2
282,1
283,3
284,1
285,1
286,1
287,1
288,3
289,1
290,3
291,1
292,1
293,1
294,3
295,2
296,1
297,1
298,2
299,3
300,1
301,3
302,1
303,1
304,1
305,1
306,3
307,1
308,3
309,3
310,3
311,3
312,1
313,1
314,3
315,3
316,3
317,1
318,1
319,1
320,1
321,1
322,1
323,1
324,1
325,1
326,3
327,3
328,3
329,1
330,1
331,1
332,1
333,3
334,1
335,1
336,1
337,2
338,1
339,1
340,3
341,1
342,1
343,3
344,1
345,3
346,1
347,3
348,3
349,1
350,1
351,2
352,1
353,1
354,1
355,3
356,3
357,2
358,1
359,1
360,2
361,2
362,1
363,1
364,3
365,1
366,1
367,1
368,1
369,3
370,3
371,1
372,1
373,1
374,3
375,3
376,1
377,1
378,1
379,2
380,1
381,1
382,3
383,3
384,2
385,2
386,3
387,1
388,3
389,1
390,2
391,1
392,3
393,1
394,3
395,3
396,1
397,3
398,1
399,1
400,1
401,1
402,3
403,1
404,3
405,2
406,3
407,3
408,1
409,3
410,1
411,1
412,1
413,3
414,3
415,1
416,1
417,2
418,3
419,3
420,1
421,1
422,2
423,1
424,3
425,1
426,1
427,3
428,1
429,1
430,3
431,3
432,2
433,1
434,1
435,1
436,1
437,1
438,3
439,1
440,3
441,3
442,1
443,3
444,1
445,1
446,1
447,2
448,1
449,1
450,1
451,1
452,1
453,3
454,1
455,1
456,3
457,3
458,3
459,1
460,3
461,1
462,1
463,1
464,2
465,1
466,1
467,1
468,1
469,1
470,2
471,1
472,3
473,1
474,1
475,1
476,1
477,3
478,1
479,1
480,3
481,3
482,1
483,3
484,3
485,1
486,1
487,1
488,1
489,1
490,1
491,1
492,3
493,1
494,3
495,1
496,1
497,1
498,1
499,3
500,3
501,1
502,1
503,1
504,1
505,3
506,1
507,3
508,1
509,1
510,3
511,1
512,1
513,3
514,1
515,1
516,1
517,1
518,1
519,1
520,3
521,3
522,2
523,1
524,1
525,3
526,1
527,3
528,1
529,1
530,1
531,1
532,1
533,3
534,1
535,1
536,1
537,1
538,1
539,1
540,1
541,1
542,2
543,3
544,3
545,3
546,1
547,1
548,2
549,1
550,1
551,1
552,3
553,3
554,3
555,1
556,3
557,2
558,1
559,1
560,1
561,1
562,1
563,1
564,1
565,1
566,1
567,1
568,1
569,1
570,2
571,1
572,1
573,1
574,3
575,1
576,1
577,1
578,1
579,3
580,1
581,3
582,3
583,1
584,3
585,1
586,1
587,1
588,1
589,1
590,1
591,3
592,2
593,1
594,1
595,1
596,1
597,2
598,3
599,1
600,3
601,1
602,3
603,1
604,1
605,2
606,1
607,1
608,1
609,3
610,1
611,1
612,1
613,1
614,1
615,2
616,1
617,1
618,3
619,1
620,3
621,3
622,3
623,3
624,1
625,1
626,1
627,1
628,1
629,2
630,1
631,1
632,1
633,1
634,1
635,1
636,1
637,1
638,3
639,1
640,1
641,3
642,1
643,3
644,3
645,2
646,1
647,1
648,2
649,2
650,1
651,1
652,3
653,1
654,1
655,1
656,1
657,1
658,1
659,1
660,2
661,1
662,1
663,1
664,1
665,3
666,1
667,3
668,1
669,1
670,1
671,1
672,1
673,1
674,1
675,1
676,1
677,1
678,1
679,1
680,1
681,1
682,3
683,1
684,1
685,1
686,1
687,1
688,2
689,1
690,1
691,1
692,2
693,1
694,1
695,1
696,1
697,1
698,1
699,1
700,1
701,3
702,3
703,1
704,1
705,1
706,1
707,1
708,1
709,1
710,1
711,1
712,1
713,1
714,1
715,1
716,3
717,3
718,1
719,1
720,3
721,3
722,2
723,1
724,1
725,2
726,3
727,3
728,1
729,1
730,2
731,1
732,1
733,1
734,3
735,3
736,1
737,1
738,1
739,1
740,1
741,3
742,1
743,1
744,1
745,1
746,2
747,3
748,1
749,1
750,1
751,2
752,1
753,3
754,3
755,1
756,1
757,1
758,1
759,1
760,1
761,1
762,1
763,3
764,1
765,1
766,3
767,1
768,1
769,3
770,1
771,2
772,1
773,1
774,1
775,1
776,1
777,3
778,1
779,1
780,1
781,3
782,1
783,3
784,1
785,1
786,1
787,3
788,1
789,2
790,3
791,2
792,3
793,1
794,1
795,1
796,2
797,3
798,1
799,1
800,2
801,1
802,3
803,1
804,1
805,3
806,1
807,3
808,1
809,3
810,3
811,1
812,2
813,3
814,1
815,1
816,2
817,1
818,1
819,3
820,3
821,3
822,1
823,3
824,1
825,3
826,1
827,1
828,1
829,1
830,3
831,3
832,1
833,1
834,1
835,2
836,1
837,1
838,1
839,1
840,3
841,1
842,1
843,3
844,1
845,3
846,2
847,1
848,1
849,1
850,1
851,2
852,1
853,1
854,1
855,3
856,3
857,3
858,3
859,1
860,3
861,2
862,1
863,1
864,3
865,1
866,3
867,1
868,1
869,3
870,1
871,3
872,1
873,2
874,3
875,1
876,3
877,1
878,1
879,1
880,1
881,1
882,1
883,1
884,3
885,1
886,3
887,3
888,1
889,3
890,3
891,2
892,1
893,2
894,1
895,1
896,1
897,3
898,2
899,1
900,3
901,1
902,1
903,1
904,1
905,1
906,1
907,2
908,1
909,3
910,1
911,1
912,2
913,1
914,1
915,1
916,1
917,2
918,1
919,1
920,1
921,3
922,3
923,1
924,1
925,2
926,1
927,2
928,1
929,3
930,1
931,3
932,2
933,1
934,1
935,1
936,1
937,1
938,1
939,1
940,1
941,1
942,3
943,1
944,1
945,1
946,3
947,1
948,1
949,3
950,1
951,1
952,1
953,1
954,2
955,3
956,1
957,3
958,1
959,1
960,1
961,1
962,1
963,1
964,3
965,3
966,2
967,1
968,1
969,1
970,1
971,1
972,1
973,1
974,1
975,1
976,1
977,3
978,1
979,1
980,1
981,1
982,1
983,3
984,1
985,1
986,1
987,1
988,1
989,2
990,1
991,1
992,1
993,3
994,1
995,2
996,3
997,1
998,1
999,1
1000,3
1001,1
1002,2
1003,1
1004,1
1005,3
1006,1
1007,2
1008,3
1009,1
1010,1
1011,1
1012,1
1013,1
1014,1
1015,1
1016,1
1017,1
1018,1
1019,3
1020,1
1021,1
1022,3
1023,1
1024,3
1025,1
1026,1
1027,1
1028,1
1029,3
1030,3
1031,1
1032,1
1033,1
1034,1
1035,1
1036,3
1037,3
1038,3
1039,1
1040,3
1041,3
1042,1
1043,1
1044,1
1045,3
1046,2
1047,1
1048,1
1049,1
1050,1
1051,2
1052,3
1053,1
1054,1
1055,1
1056,1
1057,3
1058,2
1059,1
1060,1
1061,1
1062,2
1063,1
1064,1
1065,1
1066,3
1067,3
1068,1
1069,1
1070,1
1071,1
1072,1
1073,1
1074,1
1075,1
1076,3
1077,1
1078,1
1079,2
1080,1
1081,1
1082,3
1083,2
1084,1
1085,2
1086,3
1087,3
1088,3
1089,2
1090,1
1091,1
1092,3
1093,1
1094,1
1095,1
1096,1
1097,1
1098,3
1099,1
1100,3
1101,2
1102,1
1103,3
1104,1
1105,1
1106,1
1107,1
1108,3
1109,1
1110,1
1111,1
1112,1
1113,1
1114,3
1115,1
1116,1
1117,1
1118,1
1119,1
1120,3
1121,1
1122,3
1123,3
1124,3
1125,1
1126,1
1127,3
1128,1
1129,1
1130,1
1131,1
1132,1
1133,1
1134,1
1135,1
1136,1
1137,1
1138,1
1139,1
1140,1
1141,1
1142,1
1143,1
1144,1
1145,1
1146,1
1147,1
1148,1
1149,1
1150,3
1151,2
1152,2
1153,1
1154,1
1155,1
1156,1
1157,1
1158,1
1159,2
1160,1
1161,1
1162,1
1163,1
1164,3
1165,2
1166,1
1167,3
1168,1
1169,3
1170,3
1171,2
1172,3
1173,3
1174,3
1175,3
1176,1
1177,3
1178,1
1179,2
1180,3
1181,1
1182,1
1183,2
1184,3
1185,1
1186,1
1187,1
1188,1
1189,1
1190,1
1191,1
1192,3
1193,3
1194,1
1195,1
1196,1
1197,1
1198,3
1199,1
1200,3
1201,3
1202,1
1203,1
1204,1
1205,1
1206,3
1207,2
1208,1
1209,3
1210,1
1211,1
1212,3
1213,1
1214,2
1215,1
1216,3
1217,1
1218,1
1219,1
1220,1
1221,1
1222,1
1223,1
1224,1
1225,1
1226,1
1227,3
1228,1
1229,3
1230,3
1231,1
1232,3
1233,1
1234,3
1235,1
1236,1
1237,2
1238,2
1239,3
1240,3
1241,1
1242,3
1243,1
1244,1
1245,1
1246,3
1247,1
1248,1
1249,1
1250,1
1251,1
1252,1
1253,2
1254,2
1255,3
1256,1
1257,1
1258,1
1259,3
1260,1
1261,1
1262,1
1263,1
1264,1
1265,1
1266,1
1267,1
1268,3
1269,3
1270,1
1271,1
1272,1
1273,1
1274,1
1275,1
1276,3
1277,1
1278,1
1279,1
1280,3
1281,1
1282,1
1283,1
1284,3
1285,1
1286,1
1287,3
1288,2
1289,3
1290,3
1291,1
1292,1
1293,1
1294,1
1295,1
1296,1
1297,1
1298,1
1299,1
1300,1
1301,1
1302,1
1303,1
1304,1
1305,1
1306,2
1307,1
1308,1
1309,1
1310,1
1311,3
1312,1
1313,1
1314,3
1315,3
1316,1
1317,1
1318,1
1319,1
1320,2
1321,3
1322,2
1323,3
1324,3
1325,1
1326,3
1327,1
1328,1
1329,3
1330,3
1331,1
1332,1
1333,3
1334,1
1335,3
1336,1
1337,3
1338,1
1339,1
1340,3
1341,1
1342,3
1343,1
1344,1
1345,1
1346,1
1347,1
1348,1
1349,2
1350,3
1351,1
1352,1
1353,1
1354,1
1355,1
1356,3
1357,1
1358,1
1359,3
1360,3
1361,3
1362,1
1363,3
1364,3
1365,1
1366,1
1367,1
1368,1
1369,3
1370,2
1371,3
1372,1
1373,1
1374,1
1375,1
1376,1
1377,3
1378,3
1379,1
1380,3
1381,1
1382,1
1383,3
1384,3
1385,3
1386,3
1387,2
1388,1
1389,2
1390,1
1391,2
1392,1
1393,1
1394,2
1395,1
1396,1
1397,1
1398,1
1399,3
1400,3
1401,1
1402,1
1403,1
1404,1
1405,1
1406,1
1407,1
1408,1
1409,1
1410,1
1411,1
1412,3
1413,3
1414,2
1415,1
1416,3
1417,1
1418,1
1419,1
1420,3
1421,1
1422,1
1423,1
1424,3
1425,2
1426,1
1427,1
1428,1
1429,1
1430,1
1431,2
1432,1
1433,2
1434,3
1435,1
1436,1
1437,2
1438,2
1439,1
1440,1
1441,1
1442,1
1443,3
1444,3
1445,1
1446,1
1447,1
1448,1
1449,1
1450,1
1451,3
1452,3
1453,3
1454,1
1455,2
1456,2
1457,3
1458,3
1459,3
1460,1
1461,1
1462,2
1463,1
1464,2
1465,3
1466,1
1467,3
1468,2
1469,1
1470,1
1471,3
1472,1
1473,1
1474,1
1475,3
1476,3
1477,1
1478,1
1479,1
1480,3
1481,1
1482,3
1483,1
1484,1
1485,3
1486,1
1487,1
1488,3
1489,3
1490,3
1491,1
1492,1
1493,1
1494,1
1495,1
1496,3
1497,1
1498,1
1499,1
1500,2
1501,1
1502,1
1503,3
1504,1
1505,1
1506,3
1507,3
1508,1
1509,1
1510,1
1511,1
1512,1
1513,1
1514,3
1515,3
1516,1
1517,1
1518,1
1519,1
1520,1
1521,3
1522,1
1523,3
1524,2
1525,2
1526,1
1527,1
1528,1
1529,1
1530,1
1531,3
1532,1
1533,2
1534,1
1535,1
1536,3
1537,1
1538,3
1539,1
1540,1
1541,1
1542,2
1543,1
1544,1
1545,1
1546,1
1547,1
1548,1
1549,3
1550,3
1551,3
1552,1
1553,1
1554,1
1555,3
1556,1
1557,2
1558,3
1559,1
1560,2
1561,2
1562,1
1563,1
1564,1
1565,1
1566,1
1567,1
1568,1
1569,1
1570,2
1571,3
1572,1
1573,1
1574,1
1575,1
1576,1
1577,1
1578,2
1579,3
1580,2
1581,3
1582,1
1583,1
1584,1
1585,1
1586,3
1587,1
1588,1
1589,1
1590,1
1591,1
1592,1
1593,1
1594,3
1595,3
1596,3
1597,1
1598,3
1599,1
1600,1
1601,3
1602,2
1603,1
1604,3
1605,1
1606,1
1607,3
1608,1
1609,1
1610,1
1611,1
1612,2
1613,1
1614,1
1615,1
1616,1
1617,2
1618,1
1619,1
1620,2
1621,1
1622,1
1623,1
1624,1
1625,1
1626,1
1627,1
1628,3
1629,1
1630,1
1631,1
1632,1
1633,2
1634,2
1635,3
1636,1
1637,3
1638,1
1639,1
1640,1
1641,3
1642,1
1643,1
1644,1
1645,1
1646,1
1647,1
1648,3
1649,2
1650,1
1651,1
1652,1
1653,1
1654,1
1655,1
1656,1
1657,1
1658,1
1659,1
1660,1
1661,3
1662,1
1663,3
1664,3
1665,1
1666,1
1667,1
1668,1
1669,3
1670,1
1671,2
1672,3
1673,1
1674,1
1675,1
1676,1
1677,1
1678,1
1679,1
1680,1
1681,1
1682,1
1683,1
1684,3
1685,1
1686,3
1687,1
1688,1
1689,1
1690,1
1691,3
1692,1
1693,1
1694,1
1695,1
1696,1
1697,1
1698,1
1699,1
1700,1
1701,1
1702,2
1703,3
1704,1
1705,3
1706,1
1707,2
1708,1
1709,1
1710,3
1711,3
1712,1
1713,1
1714,2
1715,3
1716,1
1717,1
1718,1
1719,2
1720,3
1721,3
1722,1
1723,1
1724,1
1725,3
1726,2
1727,3
1728,1
1729,1
1730,1
1731,1
1732,1
1733,1
1734,1
1735,3
1736,2
1737,1
1738,1
1739,1
1740,1
1741,1
1742,1
1743,3
1744,1
1745,3
1746,1
1747,3
1748,1
1749,3
1750,1
1751,2
1752,1
1753,1
1754,3
1755,2
1756,1
1757,1
1758,3
1759,1
1760,1
1761,3
1762,1
1763,1
1764,1
1765,2
1766,1
1767,3
1768,1
1769,3
1770,1
1771,1
1772,1
1773,1
1774,3
1775,1
1776,1
1777,3
1778,1
1779,3
1780,1
1781,3
1782,1
1783,1
1784,1
1785,1
1786,1
1787,1
1788,1
1789,1
1790,1
1791,1
1792,1
1793,3
1794,3
1795,1
1796,2
1797,1
1798,3
1799,1
1800,1
1801,3
1802,1
1803,1
1804,2
1805,1
1806,1
1807,3
1808,3
1809,1
1810,1
1811,3
1812,1
1813,1
1814,3
1815,1
1816,1
1817,1
1818,1
1819,1
1820,1
1821,1
1822,1
1823,3
1824,1
1825,1
1826,3
1827,1
1828,1
1829,1
1830,3
1831,1
1832,1
1833,2
1834,3
1835,1
1836,1
1837,1
1838,1
1839,1
1840,1
1841,1
1842,1
1843,1
1844,1
1845,1
1846,1
1847,1
1848,2
1849,1
1850,1
1851,1
1852,1
1853,1
1854,1
1855,1
1856,1
1857,1
1858,1
1859,1
1860,1
1861,1
1862,1
1863,1
1864,3
1865,1
1866,1
1867,1
1868,1
1869,1
1870,3
1871,1
1872,1
1873,1
1874,1
1875,3
1876,3
1877,1
1878,1
1879,1
1880,1
1881,2
1882,1
1883,3
1884,3
1885,1
1886,1
1887,3
1888,1
1889,1
1890,1
1891,1
1892,1
1893,3
1894,1
1895,1
1896,1
1897,1
1898,1
1899,1
1900,3
1901,1
1902,3
1903,3
1904,1
1905,1
1906,2
1907,3
1908,3
1909,1
1910,3
1911,3
1912,1
1913,1
1914,1
1915,1
1916,1
1917,2
1918,3
1919,3
1920,1
1921,1
1922,1
1923,1
1924,1
1925,3
1926,1
1927,3
1928,1
1929,1
1930,1
1931,1
1932,1
1933,3
1934,3
1935,3
1936,1
1937,1
1938,3
1939,3
1940,1
1941,3
1942,1
1943,1
1944,1
1945,3
1946,1
1947,1
1948,1
1949,1
1950,1
1951,1
1952,1
1953,2
1954,1
1955,3
1956,2
1957,1
1958,3
1959,3
1960,1
1961,1
1962,1
1963,1
1964,1
1965,1
1966,3
1967,1
1968,1
1969,2
1970,1
1971,1
1972,1
1973,1
1974,3
1975,2
1976,1
1977,1
1978,1
1979,1
1980,1
1981,1
1982,1
1983,3
1984,3
1985,3
1986,1
1987,3
1988,3
1989,1
1990,1
1991,1
1992,1
1993,1
1994,1
1995,1
1996,3
1997,3
1998,3
1999,1
2000,1
2001,1
2002,3
2003,3
2004,1
2005,1
2006,1
2007,1
2008,1
2009,1
2010,1
2011,1
2012,1
2013,1
2014,1
2015,1
2016,1
2017,2
2018,1
2019,1
2020,3
2021,3
2022,3
2023,1
2024,1
2025,3
2026,3
2027,3
2028,3
2029,3
2030,1
2031,3
2032,3
2033,1
2034,1
2035,1
2036,1
2037,1
2038,1
2039,1
2040,1
2041,1
2042,3
2043,1
2044,2
2045,1
2046,1
2047,3
2048,1
2049,2
2050,1
2051,1
2052,1
2053,2
2054,3
2055,1
2056,1
2057,3
2058,1
2059,3
2060,1
2061,1
2062,3
2063,1
2064,1
2065,1
2066,1
2067,1
2068,3
2069,1
2070,1
2071,3
2072,1
2073,2
2074,3
2075,3
2076,1
2077,1
2078,1
2079,1
2080,1
2081,3
2082,1
2083,1
2084,1
2085,1
2086,1
2087,1
2088,1
2089,1
2090,2
2091,1
2092,1
2093,1
2094,3
2095,1
2096,1
2097,3
2098,3
2099,1
2100,1
2101,1
2102,1
2103,2
2104,1
2105,1
2106,1
2107,3
2108,1
2109,2
2110,1
2111,1
2112,1
2113,1
2114,1
2115,1
2116,1
2117,1
2118,1
2119,1
2120,1
2121,3
2122,1
2123,2
2124,1
2125,3
2126,1
2127,1
2128,3
2129,1
2130,1
2131,1
2132,1
2133,3
2134,2
2135,3
2136,2
2137,1
2138,1
2139,2
2140,3
2141,1
2142,1
2143,1
2144,1
2145,3
2146,3
2147,3
2148,1
2149,3
2150,1
2151,1
2152,1
2153,2
2154,1
2155,3
2156,1
2157,3
2158,1
2159,3
2160,3
2161,1
2162,3
2163,1
2164,1
2165,1
2166,1
2167,1
2168,1
2169,1
2170,3
2171,3
2172,1
2173,1
2174,3
2175,1
2176,1
2177,1
2178,1
2179,3
2180,1
2181,2
2182,1
2183,3
2184,1
2185,1
2186,3
2187,1
2188,3
2189,1
2190,1
2191,1
2192,3
2193,1
2194,1
2195,2
2196,3
2197,1
2198,1
2199,1
2200,1
2201,1
2202,2
2203,3
2204,3
2205,1
2206,1
2207,1
2208,1
2209,1
2210,3
2211,1
2212,3
2213,1
2214,1
2215,1
2216,2
2217,3
2218,1
2219,1
2220,1
2221,1
2222,1
2223,2
2224,3
2225,3
2226,1
2227,1
2228,2
2229,1
2230,1
2231,1
2232,1
2233,1
2234,1
2235,1
2236,2
2237,1
2238,1
2239,3
2240,1
2241,1
2242,2
2243,1
2244,1
2245,3
2246,2
2247,1
2248,3
2249,1
2250,1
2251,1
2252,2
2253,3
2254,3
2255,1
2256,1
2257,1
2258,1
2259,1
2260,3
2261,1
2262,3
2263,1
2264,1
2265,3
2266,1
2267,1
2268,1
2269,3
2270,1
2271,3
2272,2
2273,1
2274,1
2275,1
2276,1
2277,3
2278,1
2279,1
2280,1
2281,1
2282,1
2283,3
2284,3
2285,1
2286,1
2287,1
2288,1
2289,1
2290,1
2291,1
2292,3
2293,1
2294,1
2295,1
2296,1
2297,3
2298,1
2299,3
2300,1
2301,1
2302,1
2303,1
2304,1
2305,3
2306,1
2307,3
2308,1
2309,1
2310,1
2311,1
2312,1
2313,3
2314,1
2315,1
2316,1
2317,1
2318,1
2319,1
2320,3
2321,1
2322,1
2323,3
2324,1
2325,3
2326,1
2327,3
2328,1
2329,3
2330,1
2331,1
2332,1
2333,1
2334,1
2335,1
2336,2
2337,1
2338,1
2339,2
2340,1
2341,3
2342,2
2343,3
2344,3
2345,3
2346,1
2347,3
2348,2
2349,1
2350,1
2351,3
2352,1
2353,1
2354,2
2355,1
2356,1
2357,1
2358,1
2359,3
2360,1
2361,1
2362,1
2363,1
2364,3
2365,3
2366,1
2367,1
2368,1
2369,1
2370,3
2371,1
2372,1
2373,3
2374,1
2375,1
2376,3
2377,1
2378,1
2379,1
2380,3
2381,3
2382,1
2383,1
2384,3
2385,1
2386,2
2387,1
2388,3
2389,1
2390,1
2391,3
2392,3
2393,1
2394,1
2395,1
2396,1
2397,3
2398,2
2399,1
2400,1
2401,1
2402,3
2403,2
2404,1
2405,1
2406,1
2407,1
2408,1
2409,2
2410,3
2411,3
2412,1
2413,1
2414,3
2415,1
2416,3
2417,1
2418,1
2419,1
2420,1
2421,3
2422,1
2423,1
2424,1
2425,1
2426,1
2427,1
2428,2
2429,1
2430,1
2431,1
2432,1
2433,2
2434,1
2435,1
2436,1
2437,2
2438,1
2439,1
2440,1
2441,3
2442,1
2443,1
2444,1
2445,1
2446,1
2447,1
2448,1
2449,1
2450,1
2451,3
2452,3
2453,2
2454,1
2455,1
2456,1
2457,1
2458,1
2459,1
2460,1
2461,1
2462,3
2463,1
2464,3
2465,1
2466,1
2467,1
2468,1
2469,1
2470,1
2471,1
2472,3
2473,1
2474,1
2475,3
2476,3
2477,1
2478,1
2479,2
2480,3
2481,3
2482,3
2483,1
2484,1
2485,1
2486,1
2487,1
2488,1
2489,1
2490,1
2491,1
2492,3
2493,3
2494,3
2495,3
2496,3
2497,1
2498,1
2499,1
2500,1
2501,1
2502,3
2503,1
2504,2
2505,3
2506,1
2507,1
2508,2
2509,3
2510,3
2511,1
2512,1
2513,2
2514,1
2515,1
2516,1
2517,3
2518,1
2519,1
2520,1
2521,3
2522,1
2523,1
2524,1
2525,1
2526,1
2527,1
2528,1
2529,1
2530,2
2531,2
2532,1
2533,1
2534,3
2535,2
2536,2
2537,1
2538,3
2539,1
2540,1
2541,1
2542,3
2543,1
2544,1
2545,1
2546,1
2547,1
2548,3
2549,3
2550,1
2551,3
2552,3
2553,3
2554,1
2555,2
2556,1
2557,1
2558,2
2559,1
2560,1
2561,1
2562,3
2563,1
2564,3
2565,1
2566,1
2567,3
2568,1
2569,3
2570,2
2571,1
2572,1
2573,3
2574,1
2575,1
2576,1
2577,1
2578,2
2579,2
2580,3
2581,1
2582,2
2583,3
2584,1
2585,3
2586,1
2587,2
2588,3
2589,1
2590,2
2591,1
2592,1
2593,3
2594,3
2595,1
2596,2
2597,1
2598,1
2599,3
2600,1
2601,1
2602,1
2603,1
2604,1
2605,1
2606,3
2607,1
2608,3
2609,3
2610,2
2611,1
2612,1
2613,1
2614,1
2615,1
2616,3
2617,1
2618,1
2619,1
2620,3
2621,2
2622,2
2623,1
2624,1
2625,3
2626,1
2627,1
2628,1
2629,1
2630,1
2631,1
2632,1
2633,1
2634,1
2635,1
2636,1
2637,1
2638,1
2639,1
2640,1
2641,1
2642,3
2643,1
2644,1
2645,3
2646,1
2647,1
2648,2
2649,3
2650,1
2651,3
2652,3
2653,3
2654,1
2655,1
2656,1
2657,3
2658,3
2659,2
2660,1
2661,1
2662,1
2663,1
2664,3
2665,1
2666,3
2667,1
2668,1
2669,1
2670,3
2671,1
2672,1
2673,1
2674,2
2675,1
2676,1
2677,1
2678,1
2679,1
2680,1
2681,3
2682,1
2683,1
2684,3
2685,1
2686,1
2687,1
2688,1
2689,1
2690,1
2691,1
2692,3
2693,1
2694,3
2695,3
2696,3
2697,1
2698,1
2699,2
2700,2
2701,1
2702,1
2703,1
2704,3
2705,1
2706,1
2707,1
2708,2
2709,1
2710,3
2711,3
2712,1
2713,1
2714,1
2715,3
2716,3
2717,1
2718,1
2719,1
2720,1
2721,1
2722,1
2723,1
2724,3
2725,1
2726,3
2727,1
2728,2
2729,1
2730,2
2731,1
2732,1
2733,3
2734,1
2735,1
2736,1
2737,1
2738,1
2739,1
2740,2
2741,3
2742,1
2743,1
2744,3
2745,1
2746,1
2747,1
2748,1
2749,1
2750,3
2751,1
2752,2
2753,2
2754,1
2755,1
2756,1
2757,1
2758,1
2759,1
2760,1
2761,1
2762,3
2763,1
2764,1
2765,1
2766,1
2767,1
2768,3
2769,3
2770,1
2771,2
2772,1
2773,1
2774,1
2775,1
2776,3
2777,1
2778,1
2779,1
2780,1
2781,3
2782,3
2783,3
2784,2
2785,1
2786,3
2787,1
2788,1
2789,3
2790,1
2791,1
2792,3
2793,1
2794,1
2795,3
2796,1
2797,3
2798,3
2799,3
2800,1
2801,3
2802,2
2803,3
2804,1
2805,3
2806,1
2807,1
2808,3
2809,1
2810,1
2811,3
2812,3
2813,1
2814,1
2815,3
2816,3
2817,1
2818,1
2819,3
2820,2
2821,1
2822,2
2823,1
2824,1
2825,3
2826,2
2827,1
2828,1
2829,3
2830,1
2831,3
2832,3
2833,1
2834,2
2835,1
2836,3
2837,1
2838,3
2839,1
2840,1
2841,1
2842,2
2843,1
2844,1
2845,2
2846,3
2847,1
2848,3
2849,1
2850,3
2851,1
2852,1
2853,1
2854,3
2855,1
2856,3
2857,1
2858,1
2859,1
2860,1
2861,1
2862,1
2863,1
2864,1
2865,3
2866,1
2867,1
2868,3
2869,1
2870,1
2871,2
2872,1
2873,1
2874,1
2875,1
2876,1
2877,1
2878,1
2879,3
2880,1
2881,1
2882,3
2883,1
2884,3
2885,2
2886,1
2887,2
2888,3
2889,3
2890,1
2891,1
2892,1
2893,3
2894,1
2895,3
2896,1
2897,1
2898,1
2899,1
2900,1
2901,3
2902,1
2903,1
2904,1
2905,1
2906,1
2907,1
2908,1
2909,3
2910,1
2911,1
2912,2
2913,3
2914,3
2915,2
2916,3
2917,1
2918,1
2919,1
2920,1
2921,1
2922,1
2923,3
2924,1
2925,1
2926,1
2927,3
2928,1
2929,1
2930,1
2931,1
2932,1
2933,1
2934,1
2935,3
2936,3
2937,3
2938,1
2939,1
2940,1
2941,1
2942,3
2943,1
2944,1
2945,1
2946,2
2947,3
2948,2
2949,1
2950,1
2951,3
2952,3
2953,1
2954,1
2955,3
2956,1
2957,1
2958,1
2959,1
2960,1
2961,1
2962,1
2963,1
2964,1
2965,3
2966,3
2967,1
2968,1
2969,1
2970,1
2971,1
2972,2
2973,1
2974,3
2975,1
2976,1
2977,1
2978,1
2979,1
2980,1
2981,2
2982,1
2983,1
2984,1
2985,1
2986,1
2987,2
2988,2
2989,1
2990,1
2991,1
2992,1
2993,1
2994,1
2995,3
2996,3
2997,3
2998,3
2999,1
3000,3
3001,1
3002,1
3003,1
3004,3
3005,3
3006,1
3007,1
3008,2
3009,3
3010,2
3011,3
3012,3
3013,1
3014,1
3015,1
3016,1
3017,3
3018,3
3019,1
3020,3
3021,1
3022,2
3023,3
3024,1
3025,1
3026,3
3027,1
3028,1
3029,1
3030,1
3031,3
3032,1
3033,3
3034,1
3035,1
3036,1
3037,3
3038,1
3039,3
3040,1
3041,1
3042,1
3043,1
3044,1
3045,1
3046,1
3047,3
3048,1
3049,1
3050,3
3051,1
3052,1
3053,1
3054,3
3055,3
3056,1
3057,1
3058,1
3059,3
3060,1
3061,3
3062,1
3063,3
3064,1
3065,3
3066,1
3067,3
3068,1
3069,3
3070,1
3071,1
3072,1
3073,1
3074,1
3075,1
3076,1
3077,3
3078,2
3079,3
3080,2
3081,1
3082,1
3083,3
3084,1
3085,1
3086,1
3087,1
3088,1
3089,1
3090,1
3091,1
3092,3
3093,1
3094,3
3095,1
3096,1
3097,1
3098,1
3099,2
3100,2
3101,1
3102,3
3103,1
3104,1
3105,1
3106,3
3107,1
3108,1
3109,2
3110,1
3111,3
3112,1
3113,2
3114,1
3115,1
3116,1
3117,1
3118,1
3119,1
3120,1
3121,1
3122,3
3123,3
3124,3
3125,1
3126,1
3127,1
3128,1
3129,1
3130,1
3131,1
3132,1
3133,1
3134,3
3135,1
3136,1
3137,3
3138,1
3139,1
3140,1
3141,1
3142,1
3143,1
3144,1
3145,1
3146,1
3147,3
3148,1
3149,1
3150,3
3151,3
3152,1
3153,3
3154,3
3155,1
3156,1
3157,2
3158,1
3159,1
3160,1
3161,1
3162,1
3163,1
3164,1
3165,1
3166,1
3167,1
3168,1
3169,1
3170,1
3171,3
3172,1
3173,3
3174,1
3175,1
3176,1
3177,1
3178,1
3179,3
3180,2
3181,2
3182,1
3183,1
3184,1
3185,1
3186,2
3187,1
3188,1
3189,1
3190,1
3191,1
3192,1
3193,1
3194,1
3195,3
3196,1
3197,3
3198,1
3199,3
3200,1
3201,1
3202,1
3203,1
3204,1
3205,3
3206,3
3207,1
3208,3
3209,1
3210,3
3211,1
3212,1
3213,3
3214,3
3215,3
3216,1
3217,3
3218,3
3219,1
3220,3
3221,2
3222,3
3223,1
3224,3
3225,1
3226,3
3227,3
3228,1
3229,3
3230,3
3231,1
3232,2
3233,2
3234,3
3235,1
3236,2
3237,1
3238,1
3239,3
3240,1
3241,1
3242,3
3243,3
3244,1
3245,2
3246,3
3247,3
3248,1
3249,2
3250,3
3251,3
3252,1
3253,1
3254,1
3255,1
3256,2
3257,3
3258,1
3259,1
3260,1
3261,1
3262,3
3263,1
3264,1
3265,1
3266,3
3267,1
3268,1
3269,1
3270,3
3271,1
3272,1
3273,1
3274,3
3275,3
3276,1
3277,1
3278,3
3279,2
3280,3
3281,1
3282,1
3283,1
3284,1
3285,3
3286,1
3287,1
3288,1
3289,3
3290,2
3291,1
3292,1
3293,1
3294,1
3295,1
3296,1
3297,1
3298,1
3299,3
3300,3
3301,1
3302,1
3303,1
3304,3
3305,1
3306,1
3307,2
3308,1
3309,3
3310,1
3311,1
3312,1
3313,3
3314,3
3315,1
3316,3
3317,2
3318,1
3319,3
3320,3
3321,2
3322,1
3323,3
3324,1
3325,1
3326,3
3327,1
3328,1
3329,3
3330,1
3331,1
3332,1
3333,2
3334,1
3335,1
3336,3
3337,1
3338,1
3339,3
3340,2
3341,1
3342,1
3343,3
3344,1
3345,1
3346,1
3347,1
3348,1
3349,1
3350,1
3351,1
3352,3
3353,3
3354,1
3355,2
3356,2
3357,1
3358,2
3359,1
3360,1
3361,1
3362,3
3363,1
3364,1
3365,1
3366,1
3367,2
3368,1
3369,1
3370,2
3371,1
3372,1
3373,1
3374,1
3375,1
3376,1
3377,1
3378,1
3379,2
3380,1
3381,3
3382,1
3383,3
3384,3
3385,1
3386,1
3387,1
3388,3
3389,1
3390,1
3391,3
3392,1
3393,2
3394,1
3395,3
3396,1
3397,1
3398,1
3399,1
3400,1
3401,1
3402,1
3403,1
3404,3
3405,3
3406,1
3407,1
3408,1
3409,1
3410,3
3411,2
3412,1
3413,3
3414,3
3415,3
3416,1
3417,1
3418,1
3419,3
3420,1
3421,1
3422,3
3423,1
3424,3
3425,3
3426,1
3427,2
3428,3
3429,1
3430,1
3431,1
3432,1
3433,1
3434,1
3435,1
3436,1
3437,1
3438,1
3439,1
3440,3
3441,3
3442,1
3443,1
3444,2
3445,1
3446,1
3447,1
3448,3
3449,1
3450,1
3451,1
3452,1
3453,3
3454,1
3455,1
3456,3
3457,3
3458,1
3459,3
3460,1
3461,3
3462,3
3463,3
3464,3
3465,1
3466,1
3467,1
3468,1
3469,3
3470,1
3471,3
3472,2
3473,3
3474,3
3475,1
3476,3
3477,1
3478,3
3479,1
3480,1
3481,3
3482,2
3483,1
3484,2
3485,1
3486,3
3487,1
3488,1
3489,1
3490,3
3491,1
3492,3
3493,2
3494,1
3495,3
3496,3
3497,1
3498,1
3499,3
3500,1
3501,1
3502,1
3503,1
3504,1
3505,1
3506,1
3507,3
3508,3
3509,1
3510,3
3511,3
3512,3
3513,1
3514,1
3515,1
3516,3
3517,2
3518,3
3519,1
3520,3
3521,3
3522,1
3523,2
3524,3
3525,1
3526,1
3527,1
3528,1
3529,3
3530,1
3531,1
3532,1
3533,1
3534,3
3535,1
3536,3
3537,1
3538,1
3539,1
3540,1
3541,2
3542,1
3543,1
3544,2
3545,3
3546,1
3547,1
3548,3
3549,1
3550,1
3551,1
3552,1
3553,2
3554,1
3555,3
3556,1
3557,3
3558,1
3559,1
3560,3
3561,3
3562,1
3563,2
3564,1
3565,1
3566,1
3567,1
3568,3
3569,3
3570,3
3571,1
3572,3
3573,1
3574,1
3575,1
3576,1
3577,3
3578,1
3579,1
3580,3
3581,3
3582,1
3583,1
3584,3
3585,3
3586,1
3587,1
3588,1
3589,3
3590,3
3591,1
3592,1
3593,1
3594,1
3595,1
3596,1
3597,1
3598,3
3599,1
3600,1
3601,3
3602,1
3603,3
3604,2
3605,1
3606,2
3607,1
3608,1
3609,1
3610,1
3611,2
3612,1
3613,1
3614,1
3615,2
3616,1
3617,1
3618,1
3619,1
3620,1
3621,1
3622,3
3623,3
3624,1
3625,1
3626,2
3627,1
3628,1
3629,1
3630,1
3631,1
3632,1
3633,3
3634,1
3635,1
3636,2
3637,3
3638,1
3639,1
3640,3
3641,1
3642,1
3643,1
3644,1
3645,1
3646,2
3647,3
3648,1
3649,3
3650,1
3651,1
3652,1
3653,1
3654,1
3655,2
3656,1
3657,1
3658,1
3659,1
3660,2
3661,1
3662,1
3663,3
3664,3
3665,3
3666,1
3667,1
3668,1
3669,3
3670,1
3671,3
3672,1
3673,1
3674,1
3675,1
3676,1
3677,2
3678,1
3679,1
3680,1
3681,1
3682,1
3683,1
3684,1
3685,3
3686,1
3687,1
3688,1
3689,3
3690,3
3691,1
3692,3
3693,3
3694,1
3695,1
3696,3
3697,1
3698,2
3699,1
3700,1
3701,1
3702,1
3703,1
3704,1
3705,3
3706,2
3707,1
3708,1
3709,3
3710,3
3711,3
3712,1
3713,1
3714,1
3715,1
3716,1
3717,3
3718,1
3719,1
3720,3
3721,3
3722,3
3723,1
3724,1
3725,2
3726,1
3727,1
3728,3
3729,1
3730,1
3731,3
3732,1
3733,1
3734,3
3735,3
3736,1
3737,1
3738,1
3739,3
3740,3
3741,3
3742,3
3743,1
3744,1
3745,1
3746,3
3747,1
3748,3
3749,1
3750,1
3751,1
3752,1
3753,1
3754,1
3755,1
3756,1
3757,3
3758,1
3759,1
3760,1
3761,3
3762,1
3763,3
3764,3
3765,2
3766,3
3767,1
3768,3
3769,1
3770,3
3771,3
3772,1
3773,1
3774,1
3775,1
3776,1
3777,1
3778,1
3779,1
3780,2
3781,3
3782,1
3783,3
3784,1
3785,3
3786,1
3787,1
3788,1
3789,2
3790,3
3791,1
3792,1
3793,3
3794,2
3795,1
3796,3
3797,1
3798,1
3799,3
3800,3
3801,3
3802,3
3803,1
3804,1
3805,3
3806,1
3807,1
3808,3
3809,1
3810,3
3811,1
3812,2
3813,3
3814,3
3815,1
3816,1
3817,1
3818,1
3819,3
3820,3
3821,3
3822,3
3823,1
3824,3
3825,1
3826,1
3827,3
3828,2
3829,1
3830,2
3831,1
3832,1
3833,1
3834,3
3835,1
3836,1
3837,1
3838,1
3839,2
3840,1
3841,1
3842,3
3843,3
3844,3
3845,1
3846,1
3847,2
3848,1
3849,3
3850,1
3851,3
3852,3
3853,3
3854,1
3855,3
3856,1
3857,1
3858,1
3859,3
3860,3
3861,1
3862,3
3863,2
3864,1
3865,3
3866,1
3867,1
3868,2
3869,3
3870,1
3871,1
3872,1
3873,1
3874,3
3875,1
3876,1
3877,3
3878,3
3879,1
3880,1
3881,1
3882,1
3883,1
3884,1
3885,1
3886,1
3887,1
3888,3
3889,1
3890,2
3891,1
3892,3
3893,3
3894,3
3895,1
3896,2
3897,1
3898,1
3899,1
3900,3
3901,1
3902,1
3903,2
3904,1
3905,1
3906,1
3907,3
3908,1
3909,1
3910,1
3911,3
3912,1
3913,1
3914,1
3915,1
3916,1
3917,1
3918,1
3919,1
3920,1
3921,2
3922,1
3923,1
3924,1
3925,1
3926,1
3927,1
3928,1
3929,1
3930,1
3931,1
3932,3
3933,1
3934,1
3935,2
3936,1
3937,1
3938,3
3939,1
3940,1
3941,1
3942,3
3943,3
3944,1
3945,1
3946,1
3947,1
3948,3
3949,1
3950,3
3951,1
3952,3
3953,1
3954,1
3955,3
3956,1
3957,2
3958,1
3959,2
3960,1
3961,3
3962,3
3963,1
3964,1
3965,3
3966,1
3967,1
3968,1
3969,1
3970,1
3971,1
3972,1
3973,1
3974,1
3975,1
3976,2
3977,1
3978,1
3979,3
3980,1
3981,3
3982,1
3983,1
3984,3
3985,1
3986,3
3987,3
3988,2
3989,3
3990,2
3991,3
3992,1
3993,1
3994,1
3995,1
3996,1
3997,2
3998,1
3999,1
4000,3
4001,1
4002,1
4003,1
4004,2
4005,1
4006,3
4007,1
4008,1
4009,3
4010,3
4011,1
4012,1
4013,1
4014,3
4015,1
4016,3
4017,1
4018,3
4019,3
4020,1
4021,1
4022,1
4023,1
4024,1
4025,1
4026,1
4027,3
4028,1
4029,1
4030,3
4031,1
4032,2
4033,1
4034,1
4035,1
4036,1
4037,1
4038,3
4039,1
4040,3
4041,1
4042,1
4043,1
4044,1
4045,1
4046,1
4047,1
4048,1
4049,3
4050,3
4051,3
4052,3
4053,3
4054,1
4055,1
4056,1
4057,1
4058,3
4059,2
4060,1
4061,1
4062,1
4063,1
4064,1
4065,3
4066,3
4067,1
4068,1
4069,3
4070,3
4071,1
4072,1
4073,1
4074,1
4075,3
4076,3
4077,1
4078,1
4079,1
4080,1
4081,3
4082,1
4083,1
4084,1
4085,1
4086,1
4087,1
4088,1
4089,1
4090,1
4091,1
4092,3
4093,2
4094,1
4095,2
4096,1
4097,3
4098,1
4099,1
4100,1
4101,1
4102,1
4103,2
4104,3
4105,1
4106,1
4107,1
4108,3
4109,1
4110,2
4111,1
4112,1
4113,1
4114,1
4115,1
4116,1
4117,1
4118,1
4119,1
4120,1
4121,1
4122,1
4123,1
4124,1
4125,3
4126,3
4127,3
4128,1
4129,1
4130,1
4131,3
4132,3
4133,1
4134,1
4135,1
4136,3
4137,3
4138,2
4139,1
4140,1
4141,1
4142,3
4143,1
4144,3
4145,1
4146,1
4147,3
4148,3
4149,1
4150,1
4151,1
4152,1
4153,1
4154,1
4155,1
4156,3
4157,1
4158,1
4159,3
4160,1
4161,3
4162,3
4163,3
4164,1
4165,1
4166,1
4167,1
4168,1
4169,1
4170,3
4171,1
4172,1
4173,1
4174,3
4175,1
4176,1
4177,1
4178,3
4179,1
4180,1
4181,3
4182,1
4183,1
4184,1
4185,1
4186,1
4187,1
4188,3
4189,2
4190,1
4191,3
4192,1
4193,1
4194,1
4195,1
4196,2
4197,1
4198,3
4199,2
4200,3
4201,1
4202,1
4203,3
4204,3
4205,1
4206,1
4207,1
4208,1
4209,1
4210,1
4211,1
4212,3
4213,1
4214,1
4215,1
4216,1
4217,1
4218,3
4219,1
4220,1
4221,1
4222,1
4223,1
4224,1
4225,1
4226,3
4227,1
4228,1
4229,3
4230,1
4231,3
4232,2
4233,1
4234,1
4235,3
4236,2
4237,1
4238,1
4239,1
4240,1
4241,1
4242,1
4243,2
4244,1
4245,3
4246,2
4247,1
4248,1
4249,1
4250,1
4251,1
4252,1
4253,1
4254,3
4255,1
4256,1
4257,3
4258,1
4259,3
4260,3
4261,1
4262,1
4263,1
4264,1
4265,1
4266,3
4267,1
4268,1
4269,1
4270,2
4271,1
4272,3
4273,1
4274,1
4275,1
4276,2
4277,1
4278,1
4279,3
4280,1
4281,3
4282,1
4283,1
4284,1
4285,1
4286,3
4287,3
4288,1
4289,3
4290,1
4291,1
4292,1
4293,2
4294,1
4295,1
4296,1
4297,1
4298,1
4299,1
4300,1
4301,1
4302,1
4303,2
4304,1
4305,3
4306,1
4307,1
4308,1
4309,2
4310,1
4311,1
4312,1
4313,1
4314,3
4315,1
4316,2
4317,1
4318,1
4319,1
4320,1
4321,3
4322,1
4323,3
4324,3
4325,3
4326,1
4327,1
4328,1
4329,1
4330,1
4331,3
4332,3
4333,1
4334,1
4335,3
4336,3
4337,3
4338,1
4339,1
4340,1
4341,1
4342,2
4343,1
4344,1
4345,1
4346,3
4347,2
4348,1
4349,1
4350,3
4351,1
4352,2
4353,1
4354,1
4355,1
4356,1
4357,1
4358,1
4359,3
4360,1
4361,1
4362,1
4363,1
4364,1
4365,1
4366,1
4367,1
4368,1
4369,1
4370,3
4371,3
4372,1
4373,1
4374,1
4375,1
4376,3
4377,1
4378,1
4379,1
4380,1
4381,1
4382,1
4383,2
4384,1
4385,3
4386,1
4387,1
4388,1
4389,2
4390,1
4391,1
4392,2
4393,1
4394,1
4395,1
4396,1
4397,1
4398,1
4399,1
4400,1
4401,1
4402,1
4403,3
4404,1
4405,1
4406,1
4407,3
4408,1
4409,1
4410,3
4411,3
4412,1
4413,1
4414,1
4415,1
4416,1
4417,1
4418,1
4419,1
4420,3
4421,3
4422,1
4423,1
4424,1
4425,1
4426,1
4427,3
4428,1
4429,3
4430,1
4431,1
4432,1
4433,1
4434,1
4435,2
4436,1
4437,3
4438,1
4439,1
4440,2
4441,1
4442,1
4443,1
4444,3
4445,1
4446,1
4447,1
4448,3
4449,1
4450,1
4451,1
4452,1
4453,1
4454,1
4455,3
4456,3
4457,1
4458,3
4459,1
4460,1
4461,1
4462,1
4463,1
4464,1
4465,1
4466,1
4467,1
4468,2
4469,1
4470,1
4471,1
4472,1
4473,1
4474,1
4475,1
4476,3
4477,1
4478,3
4479,1
4480,1
4481,1
4482,3
4483,1
4484,1
4485,1
4486,1
4487,1
4488,1
4489,1
4490,1
4491,2
4492,1
4493,1
4494,1
4495,1
4496,3
4497,1
4498,3
4499,1
4500,1
4501,1
4502,1
4503,1
4504,1
4505,3
4506,1
4507,1
4508,1
4509,2
4510,1
4511,1
4512,3
4513,1
4514,3
4515,1
4516,1
4517,1
4518,1
4519,3
4520,3
4521,1
4522,2
4523,1
4524,3
4525,1
4526,1
4527,1
4528,3
4529,3
4530,3
4531,3
4532,1
4533,3
4534,1
4535,3
4536,1
4537,1
4538,1
4539,1
4540,1
4541,1
4542,1
4543,1
4544,3
4545,3
4546,1
4547,1
4548,3
4549,3
4550,1
4551,1
4552,1
4553,1
4554,1
4555,1
4556,1
4557,3
4558,3
4559,2
4560,1
4561,1
4562,1
4563,1
4564,1
4565,2
4566,1
4567,1
4568,2
4569,2
4570,3
4571,1
4572,1
4573,3
4574,2
4575,1
4576,1
4577,1
4578,1
4579,1
4580,3
4581,3
4582,3
4583,1
4584,1
4585,1
4586,1
4587,3
4588,1
4589,1
4590,1
4591,3
4592,1
4593,1
4594,3
4595,1
4596,1
4597,1
4598,3
4599,3
4600,3
4601,1
4602,3
4603,1
4604,1
4605,3
4606,1
4607,1
4608,3
4609,1
4610,1
4611,1
4612,1
4613,3
4614,3
4615,1
4616,1
4617,3
4618,1
4619,1
4620,1
4621,1
4622,1
4623,2
4624,1
4625,1
4626,3
4627,3
4628,2
4629,3
4630,1
4631,3
4632,1
4633,1
4634,1
4635,1
4636,1
4637,1
4638,1
4639,1
4640,3
4641,3
4642,3
4643,1
4644,1
4645,1
4646,1
4647,1
4648,1
4649,3
4650,1
4651,2
4652,3
4653,3
4654,1
4655,3
4656,1
4657,2
4658,1
4659,3
4660,3
4661,1
4662,1
4663,1
4664,3
4665,3
4666,1
4667,1
4668,1
4669,1
4670,3
4671,3
4672,1
4673,1
4674,1
4675,1
4676,1
4677,1
4678,1
4679,1
4680,3
4681,3
4682,1
4683,1
4684,1
4685,1
4686,1
4687,1
4688,3
4689,1
4690,1
4691,1
4692,1
4693,3
4694,1
4695,3
4696,1
4697,1
4698,1
4699,1
4700,3
4701,1
4702,3
4703,1
4704,2
4705,1
4706,1
4707,1
4708,1
4709,1
4710,3
4711,3
4712,1
4713,1
4714,1
4715,1
4716,1
4717,1
4718,1
4719,1
4720,1
4721,1
4722,1
4723,1
4724,2
4725,1
4726,3
4727,2
4728,1
4729,1
4730,3
4731,1
4732,3
4733,1
4734,1
4735,1
4736,2
4737,1
4738,1
4739,3
4740,1
4741,1
4742,3
4743,1
4744,1
4745,1
4746,1
4747,1
4748,2
4749,1
4750,1
4751,1
4752,3
4753,1
4754,3
4755,1
4756,3
4757,1
4758,1
4759,1
4760,1
4761,2
4762,1
4763,1
4764,1
4765,1
4766,3
4767,1
4768,1
4769,3
4770,1
4771,3
4772,1
4773,1
4774,1
4775,2
4776,3
4777,1
4778,1
4779,1
4780,1
4781,1
4782,1
4783,1
4784,3
4785,2
4786,3
4787,3
4788,2
4789,1
4790,3
4791,1
4792,1
4793,3
4794,1
4795,1
4796,3
4797,1
4798,1
4799,1
4800,1
4801,1
4802,1
4803,3
4804,1
4805,1
4806,1
4807,1
4808,1
4809,1
4810,1
4811,1
4812,1
4813,3
4814,3
4815,1
4816,3
4817,1
4818,1
4819,1
4820,3
4821,1
4822,3
4823,3
4824,1
4825,1
4826,1
4827,1
4828,1
4829,2
4830,1
4831,1
4832,3
4833,1
4834,3
4835,3
4836,1
4837,1
4838,1
4839,2
4840,1
4841,1
4842,3
4843,1
4844,1
4845,3
4846,2
4847,2
4848,1
4849,1
4850,1
4851,3
4852,3
4853,1
4854,1
4855,1
4856,1
4857,1
4858,1
4859,1
4860,1
4861,1
4862,2
4863,3
4864,3
4865,1
4866,1
4867,2
4868,2
4869,3
4870,3
4871,1
4872,1
4873,3
4874,3
4875,3
4876,1
4877,1
4878,2
4879,1
4880,2
4881,3
4882,3
4883,1
4884,1
4885,1
4886,1
4887,1
4888,1
4889,1
4890,1
4891,3
4892,1
4893,1
4894,2
4895,1
4896,1
4897,1
4898,1
4899,1
4900,1
4901,1
4902,1
4903,1
4904,2
4905,2
4906,1
4907,1
4908,3
4909,1
4910,1
4911,1
4912,1
4913,3
4914,3
4915,1
4916,1
4917,1
4918,3
4919,1
4920,1
4921,1
4922,2
4923,1
4924,3
4925,1
4926,3
4927,3
4928,2
4929,3
4930,3
4931,1
4932,1
4933,3
4934,1
4935,1
4936,1
4937,3
4938,1
4939,1
4940,1
4941,3
4942,1
4943,3
4944,1
4945,1
4946,1
4947,1
4948,1
4949,3
4950,1
4951,2
4952,1
4953,2
4954,1
4955,3
4956,3
4957,1
4958,1
4959,3
4960,1
4961,1
4962,3
4963,1
4964,3
4965,1
4966,1
4967,1
4968,1
4969,1
4970,1
4971,1
4972,1
4973,3
4974,3
4975,1
4976,1
4977,1
4978,1
4979,1
4980,1
4981,1
4982,3
4983,1
4984,1
4985,1
4986,2
4987,1
4988,3
4989,3
4990,1
4991,2
4992,3
4993,1
4994,3
4995,3
4996,1
4997,1
4998,1
4999,1
5000,1
5001,1
5002,1
5003,1
5004,1
5005,3
5006,3
5007,1
5008,1
5009,1
5010,1
5011,3
5012,1
5013,2
5014,1
5015,1
5016,1
5017,1
5018,1
5019,1
5020,3
5021,3
5022,3
5023,1
5024,1
5025,1
5026,1
5027,3
5028,1
5029,1
5030,3
5031,3
5032,1
5033,1
5034,1
5035,3
5036,1
5037,3
5038,1
5039,1
5040,1
5041,1
5042,1
5043,1
5044,1
5045,1
5046,3
5047,3
5048,1
5049,1
5050,1
5051,3
5052,1
5053,3
5054,3
5055,2
5056,1
5057,3
5058,2
5059,1
5060,1
5061,1
5062,1
5063,1
5064,3
5065,1
5066,1
5067,1
5068,3
5069,1
5070,1
5071,3
5072,1
5073,2
5074,1
5075,1
5076,1
5077,1
5078,1
5079,1
5080,1
5081,1
5082,3
5083,1
5084,1
5085,1
5086,3
5087,1
5088,1
5089,1
5090,1
5091,3
5092,3
5093,1
5094,3
5095,1
5096,1
5097,1
5098,1
5099,2
5100,1
5101,1
5102,3
5103,1
5104,3
5105,1
5106,1
5107,1
5108,1
5109,1
5110,1
5111,1
5112,1
5113,1
5114,1
5115,1
5116,3
5117,2
5118,2
5119,1
5120,1
5121,1
5122,3
5123,2
5124,3
5125,3
5126,1
5127,1
5128,3
5129,1
5130,3
5131,1
5132,2
5133,1
5134,1
5135,1
5136,1
5137,3
5138,1
5139,1
5140,1
5141,1
5142,1
5143,3
5144,1
5145,3
5146,1
5147,3
5148,1
5149,1
5150,1
5151,3
5152,1
5153,1
5154,3
5155,1
5156,3
5157,3
5158,3
5159,1
5160,3
5161,1
5162,3
5163,1
5164,2
5165,1
5166,2
5167,3
5168,3
5169,1
5170,3
5171,1
5172,1
5173,1
5174,1
5175,1
5176,1
5177,3
5178,3
5179,1
5180,2
5181,1
5182,3
5183,3
5184,1
5185,1
5186,3
5187,1
5188,3
5189,1
5190,3
5191,2
5192,1
5193,1
5194,3
5195,1
5196,3
5197,3
5198,1
5199,1
5200,1
5201,1
5202,3
5203,1
5204,3
5205,1
5206,3
5207,3
5208,1
5209,3
5210,3
5211,3
5212,1
5213,1
5214,1
5215,3
5216,1
5217,3
5218,1
5219,1
5220,1
5221,1
5222,3
5223,1
5224,3
5225,3
5226,1
5227,1
5228,1
5229,3
5230,1
5231,3
5232,1
5233,2
5234,1
5235,1
5236,2
5237,1
5238,2
5239,1
5240,2
5241,1
5242,3
5243,3
5244,1
5245,1
5246,1
5247,1
5248,1
5249,3
5250,3
5251,3
5252,1
5253,1
5254,3
5255,1
5256,1
5257,1
5258,3
5259,1
5260,3
5261,2
5262,1
5263,1
5264,1
5265,1
5266,1
5267,3
5268,2
5269,3
5270,1
5271,1
5272,3
5273,1
5274,1
5275,1
5276,1
5277,2
5278,1
5279,2
5280,1
5281,2
5282,3
5283,3
5284,1
5285,2
5286,3
5287,1
5288,3
5289,3
5290,3
5291,1
5292,1
5293,1
5294,1
5295,1
5296,1
5297,1
5298,3
5299,3
5300,3
5301,3
5302,1
5303,1
5304,3
5305,3
5306,1
5307,3
5308,1
5309,2
5310,1
5311,1
5312,3
5313,1
5314,2
5315,1
5316,1
5317,1
5318,2
5319,1
5320,1
5321,1
5322,1
5323,1
5324,3
5325,1
5326,1
5327,2
5328,1
5329,1
5330,1
5331,2
5332,3
5333,1
5334,1
5335,1
5336,1
5337,1
5338,1
5339,1
5340,3
5341,3
5342,1
5343,3
5344,1
5345,2
5346,3
5347,1
5348,1
5349,3
5350,1
5351,2
5352,1
5353,3
5354,1
5355,1
5356,1
5357,1
5358,1
5359,1
5360,1
5361,1
5362,3
5363,2
5364,1
5365,1
5366,1
5367,1
5368,2
5369,1
5370,3
5371,3
5372,3
5373,1
5374,1
5375,3
5376,2
5377,1
5378,1
5379,1
5380,1
5381,1
5382,1
5383,3
5384,2
5385,1
5386,3
5387,1
5388,1
5389,3
5390,1
5391,3
5392,3
5393,1
5394,2
5395,1
5396,1
5397,1
5398,1
5399,1
5400,1
5401,1
5402,3
5403,2
5404,3
5405,1
5406,1
5407,3
5408,1
5409,3
5410,1
5411,1
5412,1
5413,3
5414,3
5415,1
5416,1
5417,1
5418,1
5419,2
5420,3
5421,3
5422,3
5423,1
5424,3
5425,1
5426,3
5427,1
5428,1
5429,2
5430,1
5431,1
5432,3
5433,1
5434,3
5435,2
5436,1
5437,1
5438,1
5439,1
5440,1
5441,1
5442,3
5443,1
5444,3
5445,3
5446,3
5447,2
5448,1
5449,1
5450,1
5451,2
5452,1
5453,1
5454,1
5455,1
5456,3
5457,3
5458,3
5459,1
5460,3
5461,2
5462,1
5463,3
5464,3
5465,1
5466,1
5467,2
5468,1
5469,2
5470,3
5471,3
5472,1
5473,3
5474,1
5475,1
5476,3
5477,3
5478,3
5479,3
5480,1
5481,1
5482,1
5483,1
5484,1
5485,1
5486,3
5487,3
5488,1
5489,3
5490,1
5491,1
5492,3
5493,3
5494,1
5495,1
5496,3
5497,1
5498,1
5499,1
5500,1
5501,1
5502,1
5503,2
5504,1
5505,3
5506,1
5507,3
5508,1
5509,1
5510,2
5511,1
5512,1
5513,3
5514,3
5515,1
5516,1
5517,3
5518,1
5519,1
5520,3
5521,1
5522,1
5523,3
5524,3
5525,1
5526,1
5527,1
5528,1
5529,1
5530,2
5531,1
5532,3
5533,1
5534,1
5535,1
5536,1
5537,1
5538,1
5539,3
5540,1
5541,1
5542,1
5543,1
5544,1
5545,3
5546,3
5547,1
5548,3
5549,1
5550,1
5551,1
5552,1
5553,3
5554,1
5555,1
5556,3
5557,1
5558,1
5559,3
5560,3
5561,1
5562,1
5563,2
5564,1
5565,1
5566,3
5567,1
5568,1
5569,1
5570,1
5571,2
5572,1
5573,1
5574,1
5575,1
5576,3
5577,3
5578,1
5579,1
5580,3
5581,1
5582,1
5583,1
5584,3
5585,1
5586,1
5587,1
5588,1
5589,1
5590,1
5591,1
5592,3
5593,1
5594,1
5595,3
5596,3
5597,3
5598,1
5599,3
5600,1
5601,3
5602,1
5603,3
5604,3
5605,1
5606,2
5607,1
5608,1
5609,1
5610,1
5611,3
5612,3
5613,3
5614,1
5615,3
5616,1
5617,1
5618,1
5619,3
5620,1
5621,3
5622,1
5623,3
5624,1
5625,1
5626,1
5627,1
5628,3
5629,1
5630,3
5631,1
5632,3
5633,1
5634,1
5635,1
5636,3
5637,1
5638,1
5639,1
5640,1
5641,1
5642,1
5643,1
5644,3
5645,3
5646,1
5647,1
5648,3
5649,1
5650,3
5651,1
5652,3
5653,3
5654,3
5655,1
5656,2
5657,1
5658,2
5659,1
5660,1
5661,1
5662,2
5663,3
5664,1
5665,1
5666,1
5667,1
5668,3
5669,1
5670,1
5671,2
5672,1
5673,3
5674,1
5675,1
5676,1
5677,1
5678,1
5679,1
5680,3
5681,2
5682,1
5683,1
5684,1
5685,3
5686,1
5687,1
5688,3
5689,3
5690,1
5691,1
5692,1
5693,1
5694,1
5695,1
5696,1
5697,3
5698,2
5699,3
5700,3
5701,1
5702,1
5703,1
5704,3
5705,3
5706,1
5707,1
5708,1
5709,3
5710,2
5711,1
5712,3
5713,1
5714,3
5715,1
5716,1
5717,3
5718,3
5719,1
5720,1
5721,3
5722,1
5723,2
5724,1
5725,1
5726,3
5727,1
5728,1
5729,1
5730,1
5731,3
5732,1
5733,1
5734,1
5735,1
5736,3
5737,1
5738,3
5739,1
5740,1
5741,1
5742,1
5743,3
5744,1
5745,1
5746,1
5747,3
5748,2
5749,1
5750,3
5751,1
5752,3
5753,3
5754,3
5755,1
5756,1
5757,1
5758,3
5759,2
5760,1
5761,1
5762,1
5763,1
5764,1
5765,1
5766,1
5767,3
5768,1
5769,1
5770,1
5771,1
5772,1
5773,3
5774,2
5775,1
5776,1
5777,1
5778,3
5779,1
5780,1
5781,1
5782,1
5783,1
5784,3
5785,3
5786,3
5787,1
5788,3
5789,3
5790,2
5791,3
5792,1
5793,1
5794,1
5795,2
5796,3
5797,3
5798,1
5799,3
5800,2
5801,3
5802,1
5803,1
5804,3
5805,1
5806,1
5807,3
5808,1
5809,1
5810,1
5811,3
5812,1
5813,1
5814,1
5815,3
5816,1
5817,1
5818,1
5819,1
5820,3
5821,1
5822,1
5823,1
5824,3
5825,3
5826,3
5827,2
5828,3
5829,2
5830,1
5831,1
5832,1
5833,1
5834,1
5835,1
5836,1
5837,1
5838,1
5839,3
5840,3
5841,3
5842,1
5843,1
5844,3
5845,2
5846,1
5847,1
5848,3
5849,3
5850,1
5851,3
5852,1
5853,1
5854,3
5855,1
5856,2
5857,1
5858,1
5859,3
5860,1
5861,1
5862,1
5863,1
5864,3
5865,1
5866,2
5867,2
5868,3
5869,1
5870,1
5871,1
5872,1
5873,2
5874,3
5875,1
5876,2
5877,2
5878,2
5879,1
5880,2
5881,2
5882,2
5883,1
5884,1
5885,3
5886,1
5887,3
5888,1
5889,3
5890,1
5891,3
5892,3
5893,3
5894,3
5895,3
5896,1
5897,1
5898,3
5899,1
5900,1
5901,1
5902,1
5903,1
5904,1
5905,1
5906,3
5907,2
5908,3
5909,1
5910,2
5911,3
5912,1
5913,1
5914,1
5915,1
5916,1
5917,3
5918,1
5919,1
5920,1
5921,1
5922,1
5923,1
5924,1
5925,3
5926,3
5927,3
5928,1
5929,3
5930,3
5931,1
5932,3
5933,3
5934,1
5935,1
5936,1
5937,1
5938,1
5939,1
5940,1
5941,1
5942,2
5943,3
5944,1
5945,1
5946,1
5947,2
5948,3
5949,1
5950,1
5951,1
5952,1
5953,1
5954,2
5955,1
5956,3
5957,1
5958,1
5959,1
5960,1
5961,1
5962,1
5963,3
5964,1
5965,2
5966,1
5967,1
5968,1
5969,1
5970,3
5971,2
5972,1
5973,1
5974,1
5975,1
5976,1
5977,3
5978,1
5979,1
5980,1
5981,1
5982,1
5983,2
5984,1
5985,1
5986,1
5987,1
5988,3
5989,1
5990,2
5991,1
5992,2
5993,1
5994,3
5995,1
5996,1
5997,3
5998,1
5999,1
6000,2
6001,3
6002,3
6003,2
6004,2
6005,3
6006,3
6007,1
6008,1
6009,1
6010,3
6011,1
6012,3
6013,1
6014,1
6015,3
6016,3
6017,1
6018,1
6019,1
6020,3
6021,1
6022,1
6023,1
6024,2
6025,1
6026,1
6027,3
6028,1
6029,1
6030,3
6031,1
6032,1
6033,1
6034,1
6035,1
6036,1
6037,1
6038,1
6039,1
6040,1
6041,1
6042,3
6043,1
6044,1
6045,1
6046,1
6047,1
6048,1
6049,3
6050,1
6051,1
6052,1
6053,1
6054,1
6055,3
6056,1
6057,1
6058,1
6059,3
6060,3
6061,1
6062,3
6063,1
6064,2
6065,1
6066,2
6067,3
6068,1
6069,1
6070,1
6071,1
6072,1
6073,3
6074,1
6075,3
6076,1
6077,1
6078,1
6079,2
6080,1
6081,3
6082,3
6083,1
6084,1
6085,1
6086,3
6087,1
6088,3
6089,1
6090,1
6091,1
6092,1
6093,3
6094,1
6095,2
6096,1
6097,2
6098,1
6099,1
6100,1
6101,3
6102,1
6103,1
6104,1
6105,1
6106,1
6107,3
6108,1
6109,3
6110,3
6111,3
6112,1
6113,1
6114,3
6115,3
6116,3
6117,1
6118,3
6119,1
6120,1
6121,1
6122,1
6123,3
6124,1
6125,1
6126,1
6127,3
6128,3
6129,3
6130,1
6131,3
6132,3
6133,1
6134,1
6135,1
6136,1
6137,1
6138,1
6139,1
6140,3
6141,1
6142,1
6143,3
6144,1
6145,1
6146,1
6147,1
6148,3
6149,3
6150,1
6151,1
6152,1
6153,1
6154,1
6155,1
6156,3
6157,1
6158,3
6159,3
6160,3
6161,1
6162,1
6163,1
6164,1
6165,3
6166,1
6167,2
6168,1
6169,3
6170,3
6171,1
6172,1
6173,1
6174,1
6175,1
6176,1
6177,3
6178,1
6179,1
6180,2
6181,1
6182,3
6183,1
6184,1
6185,1
6186,1
6187,2
6188,3
6189,1
6190,3
6191,1
6192,3
6193,1
6194,3
6195,1
6196,2
6197,3
6198,1
6199,3
6200,3
6201,1
6202,2
6203,1
6204,1
6205,3
6206,1
6207,1
6208,1
6209,1
6210,1
6211,1
6212,3
6213,1
6214,1
6215,1
6216,1
6217,1
6218,3
6219,1
6220,1
6221,3
6222,1
6223,1
6224,1
6225,1
6226,1
6227,3
6228,1
6229,1
6230,1
6231,1
6232,2
6233,1
6234,1
6235,3
6236,1
6237,3
6238,1
6239,1
6240,1
6241,3
6242,2
6243,1
6244,1
6245,1
6246,2
6247,1
6248,1
6249,1
6250,3
6251,1
6252,1
6253,1
6254,3
6255,3
6256,1
6257,3
6258,1
6259,3
6260,1
6261,1
6262,3
6263,1
6264,1
6265,3
6266,1
6267,1
6268,3
6269,3
6270,3
6271,1
6272,1
6273,2
6274,1
6275,1
6276,1
6277,1
6278,1
6279,1
6280,1
6281,3
6282,1
6283,3
6284,1
6285,1
6286,1
6287,1
6288,1
6289,1
6290,1
6291,1
6292,1
6293,1
6294,1
6295,1
6296,1
6297,1
6298,3
6299,1
6300,1
6301,1
6302,1
6303,1
6304,1
6305,1
6306,1
6307,1
6308,1
6309,1
6310,1
6311,1
6312,1
6313,3
6314,1
6315,1
6316,1
6317,3
6318,3
6319,1
6320,3
6321,3
6322,1
6323,1
6324,2
6325,1
6326,1
6327,1
6328,3
6329,3
6330,2
6331,1
6332,1
6333,3
6334,1
6335,1
6336,3
6337,3
6338,1
6339,3
6340,1
6341,1
6342,2
6343,1
6344,1
6345,1
6346,1
6347,1
6348,3
6349,1
6350,3
6351,2
6352,3
6353,1
6354,3
6355,1
6356,1
6357,3
6358,1
6359,1
6360,3
6361,1
6362,1
6363,3
6364,3
6365,1
6366,1
6367,3
6368,1
6369,1
6370,1
6371,3
6372,1
6373,1
6374,3
6375,3
6376,1
6377,1
6378,1
6379,1
6380,1
6381,1
6382,1
6383,1
6384,3
6385,1
6386,1
6387,1
6388,2
6389,3
6390,3
6391,1
6392,1
6393,3
6394,1
6395,1
6396,1
6397,3
6398,1
6399,1
6400,1
6401,3
6402,1
6403,2
6404,1
6405,1
6406,3
6407,1
6408,1
6409,1
6410,1
6411,2
6412,1
6413,1
6414,3
6415,3
6416,1
6417,1
6418,1
6419,1
6420,1
6421,3
6422,3
6423,1
6424,1
6425,1
6426,1
6427,1
6428,1
6429,1
6430,3
6431,1
6432,1
6433,1
6434,1
6435,2
6436,3
6437,1
6438,1
6439,3
6440,1
6441,1
6442,3
6443,2
6444,2
6445,1
6446,1
6447,2
6448,3
6449,1
6450,3
6451,2
6452,3
6453,1
6454,1
6455,1
6456,3
6457,1
6458,1
6459,1
6460,1
6461,1
6462,3
6463,1
6464,1
6465,3
6466,1
6467,3
6468,1
6469,1
6470,1
6471,3
6472,3
6473,1
6474,1
6475,1
6476,3
6477,1
6478,3
6479,1
6480,1
6481,1
6482,1
6483,1
6484,1
6485,3
6486,1
6487,3
6488,2
6489,1
6490,2
6491,1
6492,1
6493,1
6494,1
6495,1
6496,3
6497,1
6498,1
6499,3
6500,1
6501,1
6502,1
6503,1
6504,1
6505,1
6506,1
6507,1
6508,3
6509,1
6510,1
6511,3
6512,1
6513,1
6514,1
6515,3
6516,3
6517,1
6518,3
6519,3
6520,3
6521,1
6522,3
6523,3
6524,3
6525,2
6526,3
6527,1
6528,1
6529,3
6530,2
6531,1
6532,1
6533,3
6534,1
6535,1
6536,3
6537,3
6538,1
6539,1
6540,1
6541,1
6542,1
6543,1
6544,1
6545,3
6546,1
6547,1
6548,3
6549,1
6550,1
6551,2
6552,1
6553,1
6554,3
6555,1
6556,1
6557,2
6558,3
6559,1
6560,3
6561,1
6562,2
6563,1
6564,2
6565,1
6566,1
6567,1
6568,1
6569,3
6570,3
6571,1
6572,1
6573,1
6574,1
6575,1
6576,3
6577,1
6578,1
6579,2
6580,1
6581,2
6582,1
6583,1
6584,1
6585,1
6586,3
6587,3
6588,1
6589,1
6590,1
6591,1
6592,1
6593,1
6594,1
6595,3
6596,1
6597,1
6598,1
6599,1
6600,3
6601,1
6602,2
6603,3
6604,1
6605,1
6606,3
6607,1
6608,1
6609,1
6610,1
6611,1
6612,1
6613,2
6614,3
6615,1
6616,3
6617,1
6618,1
6619,1
6620,1
6621,1
6622,1
6623,1
6624,2
6625,1
6626,1
6627,3
6628,1
6629,3
6630,1
6631,1
6632,1
6633,1
6634,1
6635,3
6636,3
6637,3
6638,1
6639,1
6640,1
6641,1
6642,3
6643,1
6644,1
6645,1
6646,1
6647,1
6648,1
6649,1
6650,1
6651,1
6652,1
6653,1
6654,3
6655,1
6656,1
6657,1
6658,3
6659,1
6660,1
6661,1
6662,2
6663,1
6664,3
6665,3
6666,1
6667,1
6668,1
6669,1
6670,1
6671,3
6672,1
6673,1
6674,1
6675,1
6676,2
6677,1
6678,3
6679,1
6680,3
6681,1
6682,1
6683,1
6684,1
6685,1
6686,3
6687,2
6688,3
6689,1
6690,1
6691,1
6692,1
6693,1
6694,1
6695,2
6696,1
6697,1
6698,1
6699,1
6700,1
6701,2
6702,1
6703,1
6704,1
6705,1
6706,2
6707,3
6708,3
6709,1
6710,3
6711,2
6712,1
6713,2
6714,1
6715,1
6716,1
6717,1
6718,1
6719,1
6720,1
6721,1
6722,3
6723,1
6724,1
6725,3
6726,1
6727,1
6728,1
6729,3
6730,1
6731,1
6732,3
6733,1
6734,3
6735,3
6736,3
6737,1
6738,1
6739,1
6740,1
6741,1
6742,1
6743,3
6744,1
6745,3
6746,1
6747,2
6748,1
6749,1
6750,1
6751,1
6752,1
6753,1
6754,1
6755,1
6756,1
6757,2
6758,1
6759,1
6760,1
6761,2
6762,1
6763,3
6764,2
6765,3
6766,1
6767,1
6768,3
6769,3
6770,1
6771,1
6772,2
6773,3
6774,1
6775,3
6776,2
6777,2
6778,1
6779,1
6780,3
6781,3
6782,3
6783,1
6784,1
6785,3
6786,1
6787,1
6788,3
6789,1
6790,1
6791,1
6792,1
6793,2
6794,1
6795,3
6796,2
6797,1
6798,3
6799,3
6800,1
6801,3
6802,3
6803,3
6804,1
6805,1
6806,3
6807,1
6808,1
6809,1
6810,1
6811,1
6812,3
6813,2
6814,1
6815,3
6816,3
6817,3
6818,1
6819,3
6820,3
6821,1
6822,1
6823,2
6824,1
6825,1
6826,2
6827,3
6828,1
6829,3
6830,3
6831,1
6832,1
6833,1
6834,3
6835,1
6836,1
6837,3
6838,1
6839,2
6840,3
6841,1
6842,1
6843,3
6844,1
6845,2
6846,3
6847,1
6848,3
6849,1
6850,1
6851,1
6852,1
6853,1
6854,1
6855,1
6856,2
6857,3
6858,1
6859,1
6860,2
6861,1
6862,1
6863,3
6864,1
6865,1
6866,1
6867,3
6868,1
6869,1
6870,1
6871,3
6872,1
6873,1
6874,1
6875,1
6876,1
6877,1
6878,2
6879,2
6880,1
6881,1
6882,1
6883,1
6884,1
6885,1
6886,1
6887,1
6888,1
6889,2
6890,1
6891,2
6892,3
6893,1
6894,1
6895,2
6896,1
6897,3
6898,3
6899,3
6900,3
6901,1
6902,1
6903,1
6904,3
6905,1
6906,1
6907,1
6908,1
6909,1
6910,2
6911,1
6912,3
6913,1
6914,3
6915,3
6916,1
6917,1
6918,2
6919,3
6920,1
6921,3
6922,1
6923,1
6924,1
6925,1
6926,3
6927,2
6928,1
6929,1
6930,1
6931,1
6932,3
6933,1
6934,1
6935,2
6936,2
6937,1
6938,1
6939,3
6940,3
6941,1
6942,2
6943,3
6944,1
6945,1
6946,3
6947,2
6948,3
6949,3
6950,2
6951,2
6952,1
6953,1
6954,1
6955,1
6956,1
6957,1
6958,1
6959,1
6960,2
6961,1
6962,1
6963,1
6964,1
6965,1
6966,1
6967,1
6968,1
6969,3
6970,1
6971,1
6972,1
6973,1
6974,1
6975,2
6976,1
6977,3
6978,3
6979,1
6980,1
6981,3
6982,1
6983,1
6984,1
6985,3
6986,1
6987,1
6988,3
6989,1
6990,1
6991,1
6992,1
6993,3
6994,1
6995,1
6996,1
6997,1
6998,3
6999,2
7000,3
7001,1
7002,1
7003,3
7004,2
7005,2
7006,3
7007,1
7008,1
7009,1
7010,3
7011,1
7012,1
7013,1
7014,1
7015,3
7016,3
7017,1
7018,3
7019,2
7020,1
7021,2
7022,3
7023,1
7024,1
7025,1
7026,3
7027,1
7028,1
7029,1
7030,1
7031,1
7032,1
7033,1
7034,3
7035,3
7036,2
7037,3
7038,3
7039,1
7040,1
7041,1
7042,1
7043,1
7044,1
7045,1
7046,3
7047,3
7048,1
7049,3
7050,1
7051,1
7052,1
7053,1
7054,3
7055,3
7056,3
7057,1
7058,3
7059,1
7060,2
7061,1
7062,3
7063,1
7064,2
7065,3
7066,1
7067,2
7068,1
7069,1
7070,2
7071,1
7072,1
7073,1
7074,1
7075,3
7076,1
7077,1
7078,1
7079,3
7080,1
7081,1
7082,2
7083,1
7084,2
7085,1
7086,1
7087,3
7088,1
7089,1
7090,1
7091,1
7092,3
7093,2
7094,1
7095,1
7096,1
7097,2
7098,1
7099,1
7100,1
7101,1
7102,3
7103,1
7104,1
7105,1
7106,3
7107,3
7108,3
7109,1
7110,1
7111,1
7112,1
7113,1
7114,1
7115,1
7116,1
7117,1
7118,3
7119,1
7120,1
7121,1
7122,1
7123,1
7124,2
7125,3
7126,1
7127,1
7128,1
7129,3
7130,3
7131,1
7132,3
7133,1
7134,3
7135,1
7136,1
7137,1
7138,1
7139,3
7140,1
7141,2
7142,1
7143,3
7144,3
7145,1
7146,1
7147,3
7148,3
7149,3
7150,1
7151,1
7152,2
7153,1
7154,1
7155,2
7156,2
7157,2
7158,2
7159,1
7160,1
7161,3
7162,3
7163,1
7164,1
7165,1
7166,3
7167,1
7168,1
7169,3
7170,2
7171,3
7172,3
7173,1
7174,1
7175,1
7176,2
7177,1
7178,1
7179,1
7180,1
7181,3
7182,1
7183,1
7184,2
7185,3
7186,1
7187,1
7188,1
7189,1
7190,1
7191,1
7192,1
7193,1
7194,1
7195,3
7196,1
7197,3
7198,1
7199,3
7200,1
7201,1
7202,1
7203,1
7204,1
7205,2
7206,3
7207,3
7208,1
7209,1
7210,2
7211,2
7212,1
7213,3
7214,1
7215,2
7216,1
7217,3
7218,2
7219,3
7220,3
7221,1
7222,1
7223,1
7224,1
7225,3
7226,3
7227,1
7228,1
7229,1
7230,3
7231,2
7232,1
7233,3
7234,1
7235,1
7236,2
7237,1
7238,1
7239,1
7240,3
7241,1
7242,3
7243,1
7244,1
7245,2
7246,1
7247,1
7248,1
7249,1
7250,1
7251,1
7252,3
7253,1
7254,3
7255,1
7256,1
7257,1
7258,1
7259,1
7260,3
7261,1
7262,1
7263,2
7264,2
7265,3
7266,2
7267,1
7268,1
7269,3
7270,1
7271,2
7272,1
7273,3
7274,1
7275,1
7276,3
7277,3
7278,3
7279,3
7280,2
7281,1
7282,3
7283,3
7284,1
7285,1
7286,1
7287,1
7288,3
7289,1
7290,3
7291,2
7292,3
7293,1
7294,1
7295,1
7296,2
7297,1
7298,1
7299,1
7300,1
7301,1
7302,1
7303,1
7304,1
7305,1
7306,1
7307,1
7308,1
7309,2
7310,3
7311,1
7312,1
7313,1
7314,1
7315,1
7316,3
7317,3
7318,1
7319,1
7320,1
7321,1
7322,3
7323,1
7324,1
7325,1
7326,1
7327,1
7328,1
7329,1
7330,1
7331,3
7332,1
7333,1
7334,1
7335,3
7336,3
7337,1
7338,3
7339,1
7340,1
7341,1
7342,1
7343,3
7344,1
7345,1
7346,1
7347,1
7348,2
7349,1
7350,1
7351,1
7352,1
7353,1
7354,1
7355,3
7356,1
7357,1
7358,1
7359,1
7360,3
7361,1
7362,1
7363,1
7364,1
7365,1
7366,3
7367,2
7368,1
7369,3
7370,1
7371,3
7372,1
7373,1
7374,1
7375,1
7376,1
7377,2
7378,3
7379,1
7380,1
7381,1
7382,1
7383,1
7384,1
7385,1
7386,1
7387,1
7388,1
7389,3
7390,2
7391,1
7392,3
7393,3
7394,1
7395,1
7396,2
7397,3
7398,3
7399,1
7400,2
7401,1
7402,3
7403,2
7404,1
7405,2
7406,1
7407,1
7408,1
7409,1
7410,1
7411,1
7412,1
7413,3
7414,1
7415,1
7416,1
7417,1
7418,1
7419,1
7420,1
7421,1
7422,1
7423,2
7424,3
7425,1
7426,1
7427,1
7428,3
7429,3
7430,3
7431,1
7432,2
7433,2
7434,3
7435,3
7436,3
7437,1
7438,1
7439,3
7440,1
7441,3
7442,2
7443,1
7444,2
7445,3
7446,1
7447,1
7448,1
7449,1
7450,3
7451,1
7452,3
7453,3
7454,1
7455,3
7456,3
7457,3
7458,1
7459,1
7460,1
7461,1
7462,1
7463,3
7464,1
7465,1
7466,1
7467,1
7468,2
7469,1
7470,3
7471,3
7472,1
7473,1
7474,1
7475,3
7476,1
7477,1
7478,1
7479,1
7480,3
7481,1
7482,3
7483,1
7484,3
7485,3
7486,1
7487,2
7488,1
7489,2
7490,1
7491,3
7492,3
7493,3
7494,1
7495,1
7496,1
7497,1
7498,2
7499,1
7500,1