Id,Sentiment
1,2
2,1
3,3
4,1
5,1
6,1
7,2
8,1
9,3
10,3
11,3
12,1
13,3
14,3
15,3
16,3
17,2
18,1
19,1
20,2
21,1
22,2
23,3
24,3
25,1
26,1
27,3
28,2
29,2
30,2
31,2
32,1
33,2
34,3
35,3
36,3
37,2
38,1
39,1
40,2
41,1
42,3
43,1
44,2
45,3
46,3
47,2
48,3
49,2
50,3
51,2
52,3
53,3
54,3
55,1
56,2
57,1
58,2
59,2
60,2
61,3
62,1
63,3
64,1
65,2
66,1
67,1
68,2
69,3
70,1
71,3
72,2
73,2
74,2
75,2
76,1
77,2
78,3
79,2
80,3
81,2
82,3
83,1
84,2
85,2
86,3
87,3
88,3
89,1
90,2
91,2
92,1
93,1
94,2
95,3
96,3
97,3
98,3
99,1
100,1
101,2
102,2
103,1
104,3
105,3
106,3
107,3
108,1
109,3
110,2
111,2
112,1
113,1
114,3
115,1
116,1
117,3
118,3
119,3
120,1
121,2
122,2
123,1
124,2
125,2
126,3
127,2
128,3
129,1
130,2
131,3
132,1
133,1
134,1
135,1
136,3
137,1
138,3
139,3
140,2
141,2
142,2
143,2
144,2
145,1
146,2
147,2
148,3
149,3
150,3
151,1
152,3
153,3
154,2
155,1
156,3
157,3
158,3
159,2
160,2
161,3
162,1
163,2
164,2
165,1
166,3
167,2
168,1
169,2
170,2
171,1
172,1
173,2
174,2
175,1
176,3
177,3
178,2
179,2
180,3
181,3
182,1
183,3
184,2
185,1
186,1
187,2
188,3
189,3
190,1
191,2
192,1
193,1
194,3
195,2
196,1
197,3
198,1
199,3
200,3
201,3
202,3
203,1
204,2
205,1
206,2
207,2
208,1
209,1
210,3
211,2
212,3
213,3
214,3
215,1
216,2
217,3
218,1
219,1
220,3
221,3
222,1
223,2
224,2
225,3
226,1
227,2
228,2
229,2
230,3
231,2
232,1
233,1
234,3
235,3
236,3
237,3
238,1
239,3
240,2
241,3
242,2
243,2
244,3
245,1
246,1
247,3
248,3
249,2
250,1
251,1
252,2
253,1
254,2
255,1
256,3
257,3
258,3
259,1
260,2
261,2
262,2
263,3
264,3
265,2
266,3
267,1
268,1
269,3
270,1
271,2
272,2
273,1
274,1
275,3
276,3
277,2
278,2
279,2
280,2
281,1
282,3
283,3
284,3
285,1
286,1
287,1
288,1
289,2
290,2
291,2
292,1
293,2
294,3
295,3
296,3
297,2
298,2
299,2
300,3
301,3
302,3
303,2
304,3
305,3
306,1
307,2
308,1
309,3
310,2
311,3
312,1
313,2
314,3
315,2
316,1
317,3
318,3
319,1
320,2
321,3
322,2
323,3
324,3
325,2
326,3
327,1
328,2
329,2
330,1
331,2
332,1
333,1
334,1
335,2
336,2
337,3
338,1
339,2
340,1
341,2
342,3
343,1
344,1
345,1
346,2
347,1
348,3
349,2
350,2
351,2
352,3
353,1
354,1
355,1
356,1
357,3
358,3
359,1
360,3
361,1
362,1
363,3
364,1
365,3
366,3
367,3
368,2
369,3
370,2
371,1
372,1
373,1
374,2
375,2
376,2
377,1
378,2
379,2
380,2
381,3
382,1
383,2
384,1
385,2
386,1
387,3
388,2
389,2
390,2
391,2
392,1
393,1
394,2
395,1
396,1
397,2
398,3
399,3
400,2
401,2
402,2
403,3
404,1
405,1
406,2
407,1
408,1
409,2
410,2
411,1
412,3
413,1
414,3
415,3
416,3
417,1
418,1
419,3
420,3
421,3
422,3
423,1
424,1
425,2
426,3
427,1
428,1
429,2
430,2
431,1
432,1
433,1
434,2
435,2
436,3
437,1
438,2
439,2
440,1
441,3
442,2
443,1
444,1
445,1
446,2
447,1
448,1
449,1
450,1
451,1
452,2
453,3
454,3
455,3
456,1
457,3
458,3
459,3
460,1
461,3
462,2
463,2
464,2
465,3
466,1
467,3
468,1
469,2
470,3
471,1
472,2
473,1
474,3
475,3
476,2
477,1
478,2
479,3
480,3
481,1
482,3
483,1
484,2
485,2
486,1
487,2
488,1
489,3
490,3
491,3
492,1
493,1
494,3
495,1
496,2
497,3
498,2
499,2
500,2
501,1
502,2
503,1
504,3
505,3
506,3
507,1
508,3
509,2
510,3
511,2
512,3
513,2
514,3
515,1
516,2
517,1
518,3
519,2
520,3
521,2
522,2
523,3
524,3
525,1
526,3
527,1
528,2
529,3
530,3
531,2
532,2
533,3
534,3
535,3
536,1
537,3
538,2
539,1
540,1
541,2
542,2
543,1
544,3
545,2
546,3
547,1
548,3
549,2
550,1
551,1
552,3
553,2
554,3
555,3
556,1
557,3
558,3
559,1
560,3
561,1
562,2
563,3
564,1
565,1
566,1
567,1
568,3
569,3
570,2
571,3
572,3
573,3
574,2
575,1
576,1
577,1
578,2
579,1
580,1
581,1
582,1
583,2
584,2
585,3
586,3
587,2
588,3
589,3
590,2
591,1
592,3
593,2
594,3
595,2
596,3
597,1
598,1
599,1
600,2
601,2
602,3
603,2
604,1
605,3
606,1
607,3
608,2
609,1
610,1
611,3
612,1
613,1
614,2
615,2
616,2
617,1
618,1
619,1
620,2
621,3
622,1
623,1
624,1
625,1
626,1
627,1
628,1
629,1
630,3
631,1
632,3
633,1
634,2
635,3
636,3
637,1
638,3
639,1
640,3
641,1
642,3
643,3
644,3
645,2
646,1
647,2
648,3
649,1
650,2
651,2
652,3
653,3
654,2
655,2
656,1
657,2
658,3
659,2
660,3
661,2
662,1
663,2
664,1
665,1
666,1
667,1
668,1
669,3
670,2
671,1
672,2
673,1
674,3
675,2
676,3
677,2
678,1
679,3
680,3
681,2
682,3
683,3
684,1
685,3
686,2
687,2
688,1
689,1
690,3
691,1
692,2
693,1
694,1
695,3
696,1
697,3
698,1
699,2
700,1
701,1
702,1
703,1
704,1
705,2
706,1
707,1
708,3
709,3
710,2
711,3
712,2
713,2
714,2
715,3
716,3
717,2
718,1
719,2
720,2
721,3
722,1
723,3
724,3
725,2
726,3
727,2
728,1
729,3
730,1
731,1
732,2
733,3
734,3
735,1
736,1
737,2
738,3
739,1
740,2
741,3
742,2
743,2
744,1
745,1
746,3
747,3
748,1
749,2
750,2
751,3
752,3
753,3
754,3
755,3
756,3
757,2
758,1
759,3
760,1
761,2
762,1
763,1
764,1
765,3
766,3
767,2
768,1
769,2
770,2
771,1
772,2
773,3
774,2
775,2
776,3
777,1
778,3
779,3
780,2
781,1
782,2
783,3
784,3
785,1
786,3
787,2
788,1
789,3
790,3
791,1
792,2
793,2
794,2
795,3
796,3
797,3
798,3
799,2
800,3
801,3
802,3
803,2
804,3
805,2
806,3
807,2
808,3
809,2
810,3
811,3
812,2
813,1
814,2
815,3
816,1
817,2
818,2
819,1
820,2
821,1
822,1
823,1
824,3
825,2
826,1
827,3
828,1
829,3
830,3
831,3
832,1
833,2
834,2
835,3
836,1
837,2
838,1
839,2
840,3
841,2
842,3
843,1
844,3
845,1
846,2
847,1
848,2
849,3
850,3
851,1
852,3
853,2
854,1
855,3
856,2
857,1
858,2
859,1
860,3
861,3
862,3
863,3
864,2
865,3
866,2
867,3
868,3
869,2
870,3
871,2
872,3
873,2
874,1
875,1
876,1
877,1
878,3
879,3
880,1
881,2
882,2
883,1
884,2
885,2
886,2
887,3
888,3
889,1
890,3
891,2
892,1
893,2
894,2
895,3
896,1
897,3
898,2
899,3
900,2
901,2
902,2
903,3
904,2
905,1
906,2
907,3
908,3
909,3
910,1
911,2
912,2
913,3
914,2
915,2
916,3
917,2
918,2
919,3
920,1
921,1
922,3
923,2
924,1
925,2
926,1
927,3
928,1
929,1
930,3
931,1
932,2
933,1
934,2
935,2
936,2
937,2
938,2
939,3
940,3
941,3
942,2
943,3
944,3
945,3
946,3
947,1
948,3
949,3
950,1
951,1
952,2
953,2
954,2
955,1
956,2
957,1
958,1
959,1
960,2
961,2
962,2
963,3
964,3
965,2
966,3
967,3
968,2
969,1
970,1
971,2
972,3
973,1
974,2
975,3
976,2
977,3
978,2
979,3
980,3
981,3
982,2
983,2
984,2
985,2
986,2
987,1
988,3
989,3
990,2
991,3
992,1
993,3
994,1
995,2
996,3
997,1
998,2
999,1
1000,2
1001,2
1002,2
1003,2
1004,1
1005,2
1006,1
1007,3
1008,3
1009,3
1010,2
1011,3
1012,3
1013,1
1014,1
1015,2
1016,1
1017,3
1018,3
1019,1
1020,2
1021,2
1022,1
1023,1
1024,1
1025,2
1026,3
1027,1
1028,1
1029,3
1030,1
1031,2
1032,3
1033,1
1034,1
1035,2
1036,3
1037,3
1038,2
1039,3
1040,1
1041,2
1042,1
1043,2
1044,1
1045,3
1046,3
1047,1
1048,1
1049,3
1050,1
1051,2
1052,1
1053,1
1054,3
1055,2
1056,3
1057,3
1058,2
1059,2
1060,2
1061,1
1062,3
1063,3
1064,1
1065,3
1066,1
1067,1
1068,2
1069,2
1070,1
1071,2
1072,3
1073,2
1074,3
1075,1
1076,3
1077,2
1078,1
1079,1
1080,3
1081,2
1082,2
1083,2
1084,1
1085,2
1086,1
1087,3
1088,2
1089,1
1090,3
1091,2
1092,2
1093,1
1094,1
1095,2
1096,2
1097,2
1098,3
1099,1
1100,2
1101,2
1102,2
1103,1
1104,2
1105,2
1106,3
1107,1
1108,2
1109,1
1110,2
1111,1
1112,3
1113,2
1114,2
1115,3
1116,1
1117,3
1118,1
1119,1
1120,1
1121,2
1122,3
1123,3
1124,3
1125,1
1126,2
1127,2
1128,1
1129,2
1130,2
1131,1
1132,3
1133,2
1134,3
1135,1
1136,3
1137,1
1138,2
1139,3
1140,3
1141,3
1142,3
1143,1
1144,1
1145,1
1146,1
1147,2
1148,2
1149,1
1150,1
1151,3
1152,2
1153,3
1154,2
1155,2
1156,2
1157,1
1158,1
1159,2
1160,3
1161,2
1162,2
1163,3
1164,1
1165,2
1166,1
1167,2
1168,1
1169,1
1170,1
1171,1
1172,1
1173,3
1174,1
1175,2
1176,3
1177,1
1178,2
1179,2
1180,2
1181,2
1182,2
1183,2
1184,2
1185,2
1186,3
1187,2
1188,3
1189,2
1190,3
1191,2
1192,3
1193,1
1194,1
1195,2
1196,1
1197,2
1198,3
1199,2
1200,3
1201,2
1202,3
1203,1
1204,3
1205,1
1206,3
1207,2
1208,2
1209,1
1210,2
1211,1
1212,1
1213,2
1214,1
1215,2
1216,3
1217,3
1218,1
1219,1
1220,1
1221,1
1222,3
1223,3
1224,1
1225,2
1226,2
1227,1
1228,1
1229,1
1230,1
1231,2
1232,1
1233,2
1234,3
1235,2
1236,2
1237,3
1238,3
1239,1
1240,2
1241,1
1242,1
1243,3
1244,3
1245,1
1246,3
1247,2
1248,3
1249,3
1250,3
1251,3
1252,1
1253,2
1254,3
1255,3
1256,1
1257,3
1258,3
1259,2
1260,1
1261,1
1262,1
1263,1
1264,1
1265,2
1266,2
1267,1
1268,1
1269,1
1270,3
1271,3
1272,3
1273,1
1274,1
1275,3
1276,1
1277,1
1278,1
1279,3
1280,2
1281,3
1282,2
1283,1
1284,3
1285,3
1286,3
1287,1
1288,2
1289,3
1290,1
1291,1
1292,2
1293,2
1294,1
1295,2
1296,3
1297,3
1298,2
1299,3
1300,3
1301,1
1302,2
1303,3
1304,1
1305,3
1306,2
1307,2
1308,3
1309,3
1310,2
1311,2
1312,1
1313,3
1314,2
1315,2
1316,3
1317,2
1318,3
1319,2
1320,3
1321,1
1322,2
1323,2
1324,3
1325,2
1326,1
1327,2
1328,2
1329,3
1330,1
1331,3
1332,1
1333,2
1334,2
1335,1
1336,2
1337,2
1338,2
1339,1
1340,3
1341,2
1342,1
1343,3
1344,3
1345,2
1346,1
1347,1
1348,1
1349,3
1350,3
1351,3
1352,3
1353,1
1354,3
1355,3
1356,3
1357,2
1358,3
1359,1
1360,3
1361,3
1362,3
1363,1
1364,3
1365,1
1366,2
1367,1
1368,2
1369,2
1370,3
1371,3
1372,3
1373,2
1374,2
1375,1
1376,1
1377,2
1378,3
1379,1
1380,3
1381,3
1382,1
1383,1
1384,3
1385,1
1386,1
1387,2
1388,3
1389,1
1390,1
1391,1
1392,3
1393,2
1394,3
1395,1
1396,1
1397,2
1398,2
1399,3
1400,2
1401,3
1402,1
1403,3
1404,3
1405,1
1406,2
1407,1
1408,2
1409,2
1410,3
1411,2
1412,3
1413,3
1414,1
1415,2
1416,2
1417,1
1418,2
1419,1
1420,1
1421,3
1422,2
1423,3
1424,1
1425,2
1426,3
1427,3
1428,2
1429,2
1430,1
1431,2
1432,3
1433,1
1434,1
1435,1
1436,1
1437,1
1438,3
1439,3
1440,1
1441,2
1442,2
1443,1
1444,1
1445,3
1446,3
1447,1
1448,1
1449,2
1450,1
1451,3
1452,2
1453,3
1454,3
1455,2
1456,1
1457,1
1458,2
1459,3
1460,3
1461,2
1462,2
1463,1
1464,2
1465,3
1466,2
1467,3
1468,2
1469,2
1470,3
1471,1
1472,3
1473,1
1474,2
1475,2
1476,3
1477,3
1478,2
1479,2
1480,3
1481,3
1482,1
1483,3
1484,1
1485,1
1486,3
1487,2
1488,3
1489,3
1490,1
1491,3
1492,1
1493,3
1494,1
1495,2
1496,2
1497,3
1498,1
1499,3
1500,1
1501,1
1502,2
1503,3
1504,3
1505,3
1506,3
1507,3
1508,3
1509,2
1510,3
1511,1
1512,2
1513,2
1514,1
1515,3
1516,2
1517,2
1518,2
1519,1
1520,3
1521,1
1522,3
1523,3
1524,2
1525,1
1526,2
1527,3
1528,3
1529,2
1530,2
1531,3
1532,2
1533,3
1534,3
1535,2
1536,3
1537,3
1538,3
1539,1
1540,3
1541,2
1542,2
1543,2
1544,2
1545,1
1546,1
1547,2
1548,2
1549,3
1550,3
1551,3
1552,3
1553,2
1554,3
1555,2
1556,3
1557,2
1558,2
1559,2
1560,3
1561,2
1562,1
1563,1
1564,3
1565,1
1566,3
1567,3
1568,3
1569,1
1570,2
1571,1
1572,2
1573,2
1574,2
1575,2
1576,3
1577,1
1578,3
1579,1
1580,2
1581,1
1582,3
1583,1
1584,3
1585,3
1586,2
1587,3
1588,3
1589,2
1590,3
1591,2
1592,2
1593,2
1594,2
1595,1
1596,1
1597,2
1598,1
1599,1
1600,3
1601,3
1602,1
1603,2
1604,1
1605,2
1606,3
1607,1
1608,2
1609,1
1610,3
1611,2
1612,2
1613,3
1614,2
1615,1
1616,3
1617,2
1618,2
1619,3
1620,3
1621,2
1622,3
1623,3
1624,2
1625,1
1626,3
1627,3
1628,3
1629,2
1630,2
1631,3
1632,3
1633,2
1634,2
1635,3
1636,1
1637,1
1638,2
1639,2
1640,2
1641,1
1642,3
1643,1
1644,3
1645,3
1646,3
1647,3
1648,3
1649,3
1650,2
1651,2
1652,3
1653,1
1654,3
1655,2
1656,2
1657,2
1658,2
1659,2
1660,3
1661,2
1662,3
1663,2
1664,3
1665,1
1666,1
1667,1
1668,3
1669,3
1670,2
1671,3
1672,3
1673,3
1674,3
1675,1
1676,1
1677,2
1678,2
1679,3
1680,3
1681,2
1682,2
1683,3
1684,3
1685,2
1686,3
1687,1
1688,2
1689,1
1690,1
1691,1
1692,1
1693,3
1694,3
1695,2
1696,2
1697,1
1698,3
1699,3
1700,2
1701,1
1702,3
1703,2
1704,1
1705,1
1706,3
1707,3
1708,1
1709,2
1710,2
1711,1
1712,2
1713,1
1714,2
1715,3
1716,3
1717,1
1718,2
1719,1
1720,1
1721,1
1722,2
1723,1
1724,3
1725,2
1726,2
1727,3
1728,3
1729,3
1730,2
1731,2
1732,2
1733,3
1734,3
1735,3
1736,2
1737,1
1738,3
1739,1
1740,1
1741,3
1742,1
1743,2
1744,3
1745,2
1746,2
1747,2
1748,2
1749,1
1750,3
1751,2
1752,2
1753,3
1754,3
1755,2
1756,1
1757,2
1758,3
1759,2
1760,1
1761,2
1762,3
1763,3
1764,3
1765,1
1766,3
1767,1
1768,1
1769,3
1770,2
1771,3
1772,3
1773,1
1774,1
1775,2
1776,3
1777,1
1778,1
1779,1
1780,2
1781,1
1782,2
1783,2
1784,1
1785,2
1786,2
1787,2
1788,3
1789,1
1790,3
1791,1
1792,2
1793,1
1794,1
1795,1
1796,3
1797,3
1798,1
1799,2
1800,3
1801,1
1802,2
1803,2
1804,2
1805,3
1806,2
1807,1
1808,1
1809,2
1810,2
1811,1
1812,3
1813,2
1814,1
1815,2
1816,3
1817,3
1818,1
1819,1
1820,1
1821,2
1822,2
1823,3
1824,3
1825,2
1826,3
1827,3
1828,3
1829,3
1830,2
1831,2
1832,3
1833,2
1834,1
1835,1
1836,2
1837,1
1838,1
1839,2
1840,1
1841,3
1842,3
1843,1
1844,1
1845,2
1846,2
1847,2
1848,1
1849,2
1850,2
1851,3
1852,1
1853,3
1854,2
1855,1
1856,3
1857,2
1858,3
1859,1
1860,1
1861,3
1862,1
1863,2
1864,1
1865,2
1866,1
1867,2
1868,1
1869,1
1870,1
1871,2
1872,2
1873,2
1874,3
1875,1
1876,1
1877,1
1878,2
1879,3
1880,3
1881,3
1882,3
1883,2
1884,2
1885,1
1886,3
1887,2
1888,2
1889,2
1890,3
1891,3
1892,1
1893,1
1894,3
1895,1
1896,2
1897,3
1898,3
1899,3
1900,3
1901,1
1902,2
1903,1
1904,1
1905,1
1906,3
1907,3
1908,2
1909,1
1910,3
1911,3
1912,3
1913,1
1914,1
1915,2
1916,1
1917,2
1918,3
1919,1
1920,3
1921,2
1922,1
1923,1
1924,3
1925,1
1926,1
1927,1
1928,2
1929,2
1930,3
1931,3
1932,3
1933,1
1934,3
1935,3
1936,2
1937,3
1938,1
1939,1
1940,3
1941,1
1942,2
1943,1
1944,1
1945,2
1946,3
1947,3
1948,3
1949,2
1950,1
1951,2
1952,1
1953,3
1954,3
1955,1
1956,1
1957,2
1958,1
1959,1
1960,2
1961,1
1962,3
1963,3
1964,3
1965,2
1966,3
1967,2
1968,2
1969,2
1970,2
1971,2
1972,1
1973,2
1974,1
1975,2
1976,2
1977,2
1978,2
1979,3
1980,2
1981,3
1982,2
1983,1
1984,3
1985,3
1986,3
1987,1
1988,1
1989,3
1990,2
1991,1
1992,1
1993,3
1994,3
1995,3
1996,2
1997,3
1998,1
1999,2
2000,2
2001,3
2002,2
2003,3
2004,2
2005,3
2006,2
2007,2
2008,2
2009,1
2010,2
2011,3
2012,2
2013,3
2014,3
2015,3
2016,3
2017,2
2018,3
2019,1
2020,2
2021,3
2022,1
2023,2
2024,2
2025,2
2026,2
2027,2
2028,1
2029,3
2030,3
2031,1
2032,3
2033,3
2034,2
2035,1
2036,2
2037,1
2038,3
2039,2
2040,3
2041,1
2042,1
2043,2
2044,2
2045,1
2046,2
2047,3
2048,3
2049,2
2050,1
2051,3
2052,3
2053,1
2054,3
2055,3
2056,3
2057,2
2058,2
2059,2
2060,2
2061,1
2062,3
2063,2
2064,3
2065,3
2066,1
2067,3
2068,3
2069,2
2070,2
2071,2
2072,3
2073,3
2074,2
2075,3
2076,1
2077,1
2078,2
2079,1
2080,2
2081,3
2082,2
2083,2
2084,3
2085,1
2086,3
2087,2
2088,1
2089,1
2090,3
2091,1
2092,2
2093,3
2094,1
2095,1
2096,2
2097,1
2098,3
2099,2
2100,2
2101,1
2102,3
2103,2
2104,2
2105,1
2106,3
2107,3
2108,3
2109,3
2110,3
2111,1
2112,1
2113,2
2114,2
2115,1
2116,2
2117,1
2118,2
2119,2
2120,3
2121,3
2122,3
2123,2
2124,3
2125,3
2126,2
2127,2
2128,1
2129,3
2130,3
2131,3
2132,3
2133,3
2134,2
2135,3
2136,2
2137,3
2138,2
2139,2
2140,1
2141,3
2142,2
2143,1
2144,2
2145,3
2146,1
2147,3
2148,1
2149,3
2150,3
2151,3
2152,1
2153,2
2154,1
2155,1
2156,2
2157,2
2158,2
2159,1
2160,3
2161,3
2162,2
2163,1
2164,2
2165,1
2166,3
2167,3
2168,1
2169,3
2170,2
2171,3
2172,2
2173,1
2174,1
2175,2
2176,3
2177,3
2178,1
2179,1
2180,2
2181,3
2182,2
2183,2
2184,2
2185,2
2186,1
2187,2
2188,3
2189,3
2190,2
2191,1
2192,1
2193,2
2194,3
2195,3
2196,1
2197,3
2198,1
2199,3
2200,2
2201,1
2202,1
2203,3
2204,1
2205,1
2206,1
2207,1
2208,3
2209,2
2210,3
2211,2
2212,3
2213,3
2214,1
2215,3
2216,2
2217,2
2218,3
2219,2
2220,3
2221,2
2222,2
2223,1
2224,1
2225,2
2226,3
2227,2
2228,1
2229,1
2230,2
2231,1
2232,2
2233,3
2234,3
2235,1
2236,2
2237,1
2238,1
2239,2
2240,2
2241,2
2242,3
2243,3
2244,1
2245,1
2246,3
2247,2
2248,1
2249,1
2250,1
2251,3
2252,3
2253,1
2254,2
2255,2
2256,2
2257,2
2258,3
2259,2
2260,2
2261,2
2262,2
2263,1
2264,2
2265,3
2266,1
2267,3
2268,1
2269,3
2270,1
2271,3
2272,1
2273,3
2274,2
2275,3
2276,2
2277,2
2278,3
2279,2
2280,1
2281,2
2282,2
2283,1
2284,3
2285,2
2286,1
2287,3
2288,2
2289,1
2290,2
2291,1
2292,3
2293,2
2294,1
2295,2
2296,3
2297,1
2298,3
2299,1
2300,2
2301,1
2302,2
2303,2
2304,3
2305,2
2306,2
2307,3
2308,2
2309,1
2310,2
2311,2
2312,1
2313,3
2314,1
2315,2
2316,2
2317,2
2318,3
2319,2
2320,3
2321,3
2322,3
2323,3
2324,1
2325,1
2326,2
2327,3
2328,2
2329,3
2330,3
2331,3
2332,2
2333,1
2334,3
2335,1
2336,1
2337,1
2338,3
2339,2
2340,1
2341,1
2342,2
2343,3
2344,1
2345,1
2346,2
2347,3
2348,2
2349,2
2350,2
2351,1
2352,3
2353,2
2354,1
2355,2
2356,1
2357,1
2358,3
2359,1
2360,2
2361,3
2362,2
2363,2
2364,1
2365,2
2366,3
2367,3
2368,3
2369,1
2370,1
2371,2
2372,2
2373,1
2374,2
2375,3
2376,1
2377,1
2378,3
2379,3
2380,3
2381,3
2382,2
2383,3
2384,2
2385,2
2386,3
2387,1
2388,1
2389,1
2390,3
2391,1
2392,3
2393,2
2394,3
2395,1
2396,2
2397,1
2398,3
2399,3
2400,2
2401,1
2402,3
2403,2
2404,3
2405,1
2406,1
2407,2
2408,1
2409,2
2410,2
2411,1
2412,2
2413,2
2414,1
2415,3
2416,3
2417,1
2418,2
2419,3
2420,3
2421,3
2422,2
2423,3
2424,1
2425,2
2426,3
2427,2
2428,2
2429,2
2430,2
2431,2
2432,1
2433,2
2434,1
2435,1
2436,2
2437,1
2438,2
2439,2
2440,2
2441,2
2442,2
2443,1
2444,2
2445,2
2446,2
2447,3
2448,2
2449,1
2450,2
2451,1
2452,1
2453,2
2454,3
2455,2
2456,1
2457,2
2458,1
2459,3
2460,3
2461,2
2462,3
2463,3
2464,1
2465,2
2466,1
2467,3
2468,1
2469,2
2470,2
2471,2
2472,3
2473,2
2474,3
2475,1
2476,3
2477,2
2478,2
2479,1
2480,3
2481,3
2482,1
2483,2
2484,1
2485,3
2486,3
2487,1
2488,1
2489,2
2490,1
2491,3
2492,2
2493,1
2494,1
2495,3
2496,2
2497,1
2498,1
2499,2
2500,3
2501,3
2502,2
2503,3
2504,1
2505,1
2506,1
2507,3
2508,2
2509,2
2510,2
2511,1
2512,2
2513,3
2514,3
2515,2
2516,2
2517,3
2518,1
2519,1
2520,3
2521,3
2522,2
2523,1
2524,3
2525,2
2526,3
2527,2
2528,3
2529,3
2530,2
2531,1
2532,1
2533,2
2534,2
2535,3
2536,2
2537,1
2538,1
2539,2
2540,3
2541,3
2542,2
2543,1
2544,3
2545,3
2546,2
2547,2
2548,1
2549,3
2550,3
2551,3
2552,3
2553,2
2554,2
2555,2
2556,1
2557,3
2558,2
2559,1
2560,2
2561,3
2562,2
2563,3
2564,3
2565,3
2566,2
2567,1
2568,2
2569,1
2570,2
2571,3
2572,3
2573,1
2574,3
2575,3
2576,2
2577,2
2578,3
2579,2
2580,1
2581,1
2582,2
2583,3
2584,3
2585,2
2586,2
2587,3
2588,1
2589,2
2590,1
2591,3
2592,2
2593,1
2594,3
2595,2
2596,3
2597,1
2598,3
2599,1
2600,2
2601,2
2602,1
2603,3
2604,2
2605,2
2606,3
2607,3
2608,1
2609,1
2610,1
2611,1
2612,1
2613,1
2614,2
2615,2
2616,3
2617,2
2618,1
2619,1
2620,2
2621,3
2622,2
2623,3
2624,2
2625,1
2626,2
2627,2
2628,3
2629,3
2630,1
2631,2
2632,2
2633,1
2634,1
2635,3
2636,3
2637,2
2638,2
2639,2
2640,3
2641,1
2642,1
2643,3
2644,3
2645,3
2646,2
2647,2
2648,2
2649,3
2650,2
2651,1
2652,1
2653,1
2654,2
2655,1
2656,2
2657,1
2658,2
2659,2
2660,2
2661,1
2662,2
2663,1
2664,1
2665,3
2666,2
2667,3
2668,1
2669,3
2670,3
2671,2
2672,2
2673,3
2674,2
2675,2
2676,2
2677,2
2678,2
2679,3
2680,3
2681,1
2682,3
2683,3
2684,3
2685,2
2686,1
2687,1
2688,2
2689,3
2690,1
2691,1
2692,3
2693,1
2694,1
2695,1
2696,1
2697,1
2698,3
2699,1
2700,2
2701,2
2702,3
2703,2
2704,2
2705,2
2706,2
2707,2
2708,1
2709,1
2710,1
2711,2
2712,2
2713,2
2714,1
2715,1
2716,3
2717,2
2718,1
2719,3
2720,3
2721,3
2722,2
2723,3
2724,1
2725,1
2726,1
2727,2
2728,2
2729,3
2730,3
2731,2
2732,1
2733,3
2734,2
2735,2
2736,3
2737,1
2738,3
2739,2
2740,2
2741,1
2742,3
2743,3
2744,1
2745,2
2746,1
2747,1
2748,3
2749,3
2750,1
2751,3
2752,3
2753,3
2754,2
2755,1
2756,2
2757,3
2758,1
2759,2
2760,1
2761,2
2762,1
2763,3
2764,2
2765,3
2766,3
2767,3
2768,3
2769,1
2770,1
2771,1
2772,3
2773,2
2774,3
2775,2
2776,3
2777,2
2778,1
2779,3
2780,2
2781,2
2782,2
2783,3
2784,1
2785,1
2786,3
2787,3
2788,2
2789,1
2790,1
2791,1
2792,3
2793,3
2794,3
2795,2
2796,1
2797,1
2798,3
2799,3
2800,3
2801,1
2802,2
2803,2
2804,2
2805,1
2806,1
2807,2
2808,2
2809,3
2810,1
2811,3
2812,1
2813,3
2814,2
2815,1
2816,3
2817,3
2818,2
2819,1
2820,2
2821,2
2822,1
2823,2
2824,3
2825,3
2826,2
2827,3
2828,2
2829,1
2830,3
2831,2
2832,3
2833,2
2834,3
2835,1
2836,2
2837,3
2838,1
2839,2
2840,1
2841,2
2842,3
2843,2
2844,2
2845,3
2846,1
2847,1
2848,3
2849,3
2850,2
2851,3
2852,1
2853,3
2854,3
2855,1
2856,1
2857,2
2858,3
2859,3
2860,3
2861,2
2862,1
2863,3
2864,3
2865,3
2866,2
2867,2
2868,3
2869,3
2870,2
2871,3
2872,2
2873,3
2874,3
2875,2
2876,2
2877,3
2878,3
2879,1
2880,3
2881,2
2882,3
2883,2
2884,3
2885,2
2886,3
2887,1
2888,2
2889,1
2890,3
2891,2
2892,3
2893,3
2894,1
2895,3
2896,3
2897,1
2898,2
2899,3
2900,1
2901,2
2902,2
2903,3
2904,3
2905,2
2906,1
2907,2
2908,1
2909,1
2910,3
2911,2
2912,3
2913,2
2914,2
2915,2
2916,1
2917,2
2918,3
2919,1
2920,3
2921,3
2922,1
2923,2
2924,1
2925,2
2926,2
2927,1
2928,2
2929,2
2930,2
2931,2
2932,1
2933,2
2934,1
2935,3
2936,2
2937,1
2938,2
2939,2
2940,2
2941,1
2942,3
2943,1
2944,2
2945,3
2946,1
2947,2
2948,2
2949,2
2950,1
2951,1
2952,1
2953,2
2954,1
2955,2
2956,1
2957,2
2958,1
2959,1
2960,3
2961,3
2962,1
2963,3
2964,2
2965,3
2966,1
2967,3
2968,2
2969,3
2970,1
2971,2
2972,1
2973,2
2974,1
2975,2
2976,1
2977,2
2978,3
2979,1
2980,3
2981,1
2982,3
2983,3
2984,2
2985,3
2986,3
2987,2
2988,2
2989,2
2990,3
2991,1
2992,2
2993,2
2994,1
2995,3
2996,2
2997,2
2998,1
2999,2
3000,3
3001,1
3002,2
3003,2
3004,2
3005,1
3006,2
3007,1
3008,2
3009,2
3010,2
3011,3
3012,3
3013,1
3014,3
3015,1
3016,3
3017,1
3018,2
3019,2
3020,2
3021,3
3022,2
3023,1
3024,1
3025,2
3026,2
3027,1
3028,2
3029,3
3030,3
3031,3
3032,1
3033,1
3034,1
3035,1
3036,2
3037,3
3038,1
3039,3
3040,1
3041,3
3042,2
3043,2
3044,2
3045,3
3046,3
3047,3
3048,1
3049,3
3050,1
3051,1
3052,2
3053,2
3054,1
3055,3
3056,1
3057,2
3058,3
3059,3
3060,3
3061,1
3062,2
3063,3
3064,3
3065,1
3066,3
3067,3
3068,3
3069,3
3070,2
3071,2
3072,1
3073,3
3074,2
3075,2
3076,2
3077,3
3078,2
3079,2
3080,3
3081,2
3082,3
3083,2
3084,2
3085,3
3086,3
3087,1
3088,2
3089,2
3090,2
3091,1
3092,3
3093,2
3094,2
3095,2
3096,3
3097,3
3098,3
3099,2
3100,2
3101,1
3102,3
3103,1
3104,1
3105,2
3106,1
3107,3
3108,2
3109,1
3110,1
3111,1
3112,3
3113,3
3114,2
3115,3
3116,3
3117,3
3118,2
3119,1
3120,3
3121,1
3122,3
3123,1
3124,1
3125,2
3126,3
3127,2
3128,3
3129,3
3130,1
3131,3
3132,3
3133,3
3134,3
3135,2
3136,3
3137,2
3138,2
3139,1
3140,2
3141,2
3142,2
3143,3
3144,2
3145,1
3146,2
3147,3
3148,2
3149,3
3150,1
3151,2
3152,2
3153,3
3154,3
3155,1
3156,2
3157,2
3158,3
3159,2
3160,3
3161,1
3162,2
3163,3
3164,1
3165,2
3166,2
3167,3
3168,2
3169,1
3170,2
3171,2
3172,2
3173,3
3174,1
3175,2
3176,3
3177,1
3178,3
3179,1
3180,1
3181,3
3182,2
3183,2
3184,3
3185,1
3186,3
3187,1
3188,3
3189,2
3190,2
3191,1
3192,3
3193,2
3194,3
3195,1
3196,1
3197,3
3198,3
3199,3
3200,1
3201,3
3202,2
3203,2
3204,2
3205,3
3206,1
3207,2
3208,1
3209,1
3210,3
3211,1
3212,3
3213,2
3214,1
3215,1
3216,3
3217,1
3218,3
3219,1
3220,3
3221,2
3222,3
3223,3
3224,3
3225,3
3226,1
3227,2
3228,3
3229,2
3230,3
3231,2
3232,2
3233,3
3234,2
3235,2
3236,2
3237,1
3238,2
3239,2
3240,1
3241,2
3242,1
3243,1
3244,3
3245,2
3246,3
3247,1
3248,3
3249,2
3250,2
3251,1
3252,1
3253,3
3254,2
3255,1
3256,2
3257,1
3258,2
3259,1
3260,3
3261,2
3262,3
3263,3
3264,1
3265,1
3266,1
3267,3
3268,3
3269,1
3270,1
3271,1
3272,2
3273,2
3274,2
3275,1
3276,3
3277,2
3278,1
3279,2
3280,1
3281,1
3282,3
3283,1
3284,1
3285,3
3286,1
3287,2
3288,2
3289,1
3290,2
3291,2
3292,2
3293,3
3294,2
3295,1
3296,2
3297,2
3298,3
3299,3
3300,1
3301,1
3302,1
3303,2
3304,3
3305,2
3306,3
3307,2
3308,1
3309,3
3310,2
3311,3
3312,1
3313,1
3314,1
3315,3
3316,1
3317,2
3318,3
3319,3
3320,1
3321,2
3322,3
3323,1
3324,3
3325,2
3326,3
3327,1
3328,2
3329,3
3330,2
3331,1
3332,3
3333,2
3334,3
3335,3
3336,2
3337,1
3338,3
3339,3
3340,2
3341,3
3342,1
3343,1
3344,2
3345,1
3346,3
3347,2
3348,1
3349,2
3350,3
3351,1
3352,3
3353,1
3354,2
3355,3
3356,2
3357,1
3358,3
3359,1
3360,1
3361,1
3362,1
3363,2
3364,1
3365,3
3366,2
3367,2
3368,3
3369,3
3370,2
3371,3
3372,3
3373,2
3374,3
3375,1
3376,3
3377,1
3378,1
3379,3
3380,2
3381,3
3382,1
3383,2
3384,1
3385,1
3386,2
3387,2
3388,1
3389,1
3390,1
3391,3
3392,2
3393,2
3394,3
3395,3
3396,3
3397,2
3398,3
3399,2
3400,2
3401,1
3402,2
3403,2
3404,1
3405,1
3406,3
3407,2
3408,3
3409,1
3410,3
3411,2
3412,2
3413,3
3414,1
3415,1
3416,1
3417,1
3418,3
3419,3
3420,3
3421,2
3422,2
3423,1
3424,2
3425,1
3426,1
3427,3
3428,1
3429,2
3430,2
3431,2
3432,1
3433,2
3434,3
3435,2
3436,1
3437,3
3438,1
3439,1
3440,3
3441,2
3442,2
3443,2
3444,3
3445,2
3446,2
3447,1
3448,1
3449,1
3450,3
3451,1
3452,2
3453,1
3454,1
3455,2
3456,2
3457,2
3458,2
3459,1
3460,3
3461,3
3462,3
3463,2
3464,1
3465,1
3466,2
3467,2
3468,1
3469,1
3470,2
3471,2
3472,1
3473,1
3474,3
3475,2
3476,3
3477,2
3478,1
3479,1
3480,3
3481,3
3482,2
3483,3
3484,3
3485,2
3486,3
3487,3
3488,2
3489,1
3490,3
3491,1
3492,3
3493,1
3494,2
3495,3
3496,2
3497,3
3498,2
3499,1
3500,2
3501,3
3502,2
3503,1
3504,3
3505,3
3506,1
3507,2
3508,1
3509,2
3510,3
3511,1
3512,2
3513,3
3514,3
3515,2
3516,1
3517,2
3518,3
3519,1
3520,2
3521,1
3522,1
3523,2
3524,1
3525,2
3526,3
3527,2
3528,1
3529,2
3530,3
3531,1
3532,2
3533,1
3534,3
3535,2
3536,2
3537,3
3538,2
3539,1
3540,3
3541,2
3542,2
3543,2
3544,2
3545,1
3546,1
3547,2
3548,1
3549,1
3550,3
3551,3
3552,3
3553,2
3554,2
3555,1
3556,2
3557,2
3558,2
3559,3
3560,2
3561,3
3562,2
3563,3
3564,2
3565,1
3566,2
3567,3
3568,1
3569,1
3570,1
3571,2
3572,3
3573,3
3574,2
3575,3
3576,1
3577,1
3578,3
3579,2
3580,3
3581,1
3582,3
3583,2
3584,2
3585,1
3586,2
3587,1
3588,1
3589,1
3590,1
3591,2
3592,2
3593,1
3594,1
3595,2
3596,3
3597,1
3598,2
3599,1
3600,2
3601,3
3602,1
3603,1
3604,2
3605,1
3606,3
3607,3
3608,1
3609,2
3610,2
3611,3
3612,3
3613,1
3614,3
3615,2
3616,3
3617,3
3618,3
3619,1
3620,2
3621,2
3622,3
3623,3
3624,2
3625,2
3626,3
3627,1
3628,3
3629,1
3630,3
3631,2
3632,2
3633,1
3634,1
3635,1
3636,2
3637,2
3638,3
3639,3
3640,1
3641,2
3642,2
3643,2
3644,3
3645,1
3646,2
3647,1
3648,1
3649,2
3650,3
3651,1
3652,1
3653,2
3654,1
3655,1
3656,3
3657,1
3658,2
3659,3
3660,3
3661,2
3662,2
3663,1
3664,2
3665,2
3666,1
3667,3
3668,3
3669,3
3670,2
3671,1
3672,3
3673,2
3674,2
3675,1
3676,3
3677,1
3678,2
3679,2
3680,1
3681,2
3682,1
3683,2
3684,3
3685,1
3686,3
3687,3
3688,2
3689,1
3690,3
3691,2
3692,3
3693,2
3694,3
3695,3
3696,1
3697,2
3698,3
3699,2
3700,2
3701,1
3702,2
3703,3
3704,2
3705,3
3706,3
3707,2
3708,3
3709,1
3710,1
3711,3
3712,2
3713,2
3714,1
3715,1
3716,3
3717,1
3718,2
3719,1
3720,1
3721,3
3722,3
3723,2
3724,2
3725,3
3726,1
3727,2
3728,3
3729,1
3730,1
3731,1
3732,2
3733,1
3734,3
3735,3
3736,3
3737,2
3738,3
3739,3
3740,1
3741,1
3742,2
3743,3
3744,1
3745,1
3746,3
3747,3
3748,1
3749,3
3750,3
3751,3
3752,2
3753,1
3754,1
3755,2
3756,2
3757,2
3758,3
3759,1
3760,1
3761,3
3762,1
3763,1
3764,3
3765,3
3766,1
3767,1
3768,3
3769,1
3770,1
3771,2
3772,1
3773,1
3774,2
3775,1
3776,3
3777,1
3778,2
3779,1
3780,3
3781,2
3782,3
3783,3
3784,2
3785,1
3786,2
3787,3
3788,2
3789,1
3790,1
3791,2
3792,3
3793,1
3794,1
3795,2
3796,1
3797,1
3798,2
3799,1
3800,3
3801,1
3802,3
3803,3
3804,1
3805,2
3806,2
3807,2
3808,1
3809,2
3810,1
3811,3
3812,3
3813,3
3814,2
3815,3
3816,2
3817,3
3818,2
3819,3
3820,3
3821,2
3822,3
3823,3
3824,3
3825,3
3826,3
3827,2
3828,2
3829,2
3830,3
3831,2
3832,1
3833,1
3834,3
3835,3
3836,3
3837,1
3838,2
3839,1
3840,2
3841,3
3842,1
3843,3
3844,3
3845,3
3846,1
3847,3
3848,3
3849,2
3850,1
3851,1
3852,2
3853,3
3854,3
3855,1
3856,3
3857,3
3858,1
3859,1
3860,3
3861,1
3862,1
3863,2
3864,1
3865,1
3866,2
3867,3
3868,2
3869,1
3870,3
3871,2
3872,2
3873,2
3874,3
3875,2
3876,2
3877,2
3878,3
3879,1
3880,2
3881,1
3882,3
3883,2
3884,2
3885,3
3886,3
3887,3
3888,1
3889,3
3890,3
3891,3
3892,3
3893,1
3894,3
3895,2
3896,3
3897,1
3898,3
3899,1
3900,1
3901,2
3902,2
3903,2
3904,3
3905,3
3906,2
3907,3
3908,1
3909,3
3910,3
3911,2
3912,1
3913,2
3914,1
3915,2
3916,3
3917,2
3918,1
3919,1
3920,3
3921,2
3922,3
3923,3
3924,1
3925,2
3926,2
3927,1
3928,2
3929,3
3930,2
3931,2
3932,1
3933,1
3934,2
3935,3
3936,2
3937,2
3938,1
3939,3
3940,2
3941,2
3942,1
3943,1
3944,2
3945,2
3946,1
3947,1
3948,3
3949,2
3950,2
3951,1
3952,1
3953,2
3954,3
3955,1
3956,1
3957,3
3958,1
3959,3
3960,2
3961,1
3962,1
3963,1
3964,2
3965,3
3966,3
3967,1
3968,1
3969,2
3970,3
3971,2
3972,2
3973,1
3974,3
3975,2
3976,3
3977,1
3978,1
3979,1
3980,2
3981,1
3982,2
3983,1
3984,2
3985,2
3986,1
3987,3
3988,2
3989,3
3990,2
3991,3
3992,3
3993,3
3994,2
3995,1
3996,3
3997,2
3998,1
3999,3
4000,3
4001,3
4002,2
4003,1
4004,3
4005,3
4006,1
4007,3
4008,3
4009,1
4010,3
4011,3
4012,1
4013,1
4014,2
4015,1
4016,3
4017,2
4018,3
4019,3
4020,1
4021,1
4022,3
4023,3
4024,2
4025,2
4026,2
4027,3
4028,1
4029,1
4030,2
4031,2
4032,2
4033,2
4034,2
4035,3
4036,3
4037,3
4038,2
4039,2
4040,1
4041,2
4042,3
4043,1
4044,2
4045,1
4046,1
4047,3
4048,3
4049,3
4050,3
4051,1
4052,1
4053,2
4054,1
4055,3
4056,1
4057,1
4058,2
4059,2
4060,1
4061,1
4062,1
4063,2
4064,2
4065,3
4066,3
4067,3
4068,3
4069,3
4070,1
4071,2
4072,2
4073,1
4074,3
4075,1
4076,3
4077,2
4078,3
4079,2
4080,1
4081,1
4082,1
4083,3
4084,2
4085,2
4086,2
4087,1
4088,1
4089,2
4090,1
4091,3
4092,2
4093,1
4094,1
4095,2
4096,2
4097,1
4098,3
4099,1
4100,1
4101,3
4102,3
4103,3
4104,3
4105,3
4106,3
4107,2
4108,2
4109,1
4110,3
4111,3
4112,2
4113,1
4114,2
4115,1
4116,2
4117,2
4118,2
4119,1
4120,1
4121,2
4122,2
4123,3
4124,3
4125,2
4126,1
4127,2
4128,1
4129,1
4130,2
4131,2
4132,2
4133,3
4134,3
4135,2
4136,3
4137,3
4138,2
4139,3
4140,1
4141,3
4142,3
4143,2
4144,1
4145,2
4146,3
4147,3
4148,2
4149,2
4150,1
4151,2
4152,1
4153,3
4154,2
4155,2
4156,3
4157,2
4158,1
4159,1
4160,1
4161,1
4162,1
4163,3
4164,3
4165,2
4166,2
4167,2
4168,2
4169,2
4170,3
4171,2
4172,1
4173,1
4174,3
4175,1
4176,1
4177,1
4178,2
4179,1
4180,1
4181,1
4182,3
4183,2
4184,1
4185,2
4186,1
4187,1
4188,1
4189,1
4190,2
4191,1
4192,3
4193,3
4194,1
4195,2
4196,2
4197,3
4198,2
4199,2
4200,3
4201,1
4202,3
4203,2
4204,1
4205,2
4206,3
4207,1
4208,1
4209,2
4210,2
4211,2
4212,1
4213,2
4214,1
4215,1
4216,3
4217,1
4218,1
4219,2
4220,3
4221,3
4222,2
4223,3
4224,1
4225,1
4226,1
4227,2
4228,1
4229,3
4230,3
4231,3
4232,2
4233,1
4234,3
4235,1
4236,2
4237,2
4238,3
4239,2
4240,3
4241,2
4242,2
4243,3
4244,2
4245,1
4246,2
4247,2
4248,3
4249,3
4250,2
4251,3
4252,3
4253,2
4254,2
4255,3
4256,3
4257,3
4258,1
4259,2
4260,3
4261,1
4262,1
4263,3
4264,3
4265,1
4266,3
4267,2
4268,1
4269,1
4270,2
4271,2
4272,3
4273,1
4274,2
4275,2
4276,3
4277,1
4278,3
4279,3
4280,2
4281,1
4282,3
4283,1
4284,3
4285,2
4286,1
4287,3
4288,1
4289,3
4290,2
4291,3
4292,3
4293,2
4294,1
4295,3
4296,2
4297,2
4298,3
4299,3
4300,2
4301,2
4302,3
4303,2
4304,1
4305,3
4306,1
4307,1
4308,1
4309,2
4310,3
4311,1
4312,3
4313,2
4314,3
4315,2
4316,1
4317,3
4318,2
4319,2
4320,2
4321,1
4322,2
4323,2
4324,2
4325,3
4326,1
4327,2
4328,3
4329,3
4330,1
4331,3
4332,2
4333,3
4334,2
4335,1
4336,3
4337,2
4338,1
4339,2
4340,1
4341,2
4342,2
4343,2
4344,3
4345,1
4346,3
4347,2
4348,3
4349,1
4350,1
4351,1
4352,2
4353,2
4354,1
4355,3
4356,2
4357,2
4358,3
4359,3
4360,1
4361,1
4362,2
4363,3
4364,2
4365,2
4366,3
4367,3
4368,3
4369,2
4370,1
4371,3
4372,2
4373,3
4374,2
4375,1
4376,1
4377,3
4378,3
4379,2
4380,3
4381,3
4382,3
4383,2
4384,3
4385,2
4386,1
4387,1
4388,2
4389,2
4390,1
4391,2
4392,3
4393,1
4394,1
4395,3
4396,1
4397,2
4398,3
4399,1
4400,3
4401,1
4402,3
4403,1
4404,2
4405,3
4406,2
4407,2
4408,3
4409,1
4410,3
4411,3
4412,2
4413,2
4414,1
4415,1
4416,2
4417,2
4418,3
4419,2
4420,1
4421,1
4422,1
4423,2
4424,2
4425,3
4426,1
4427,3
4428,2
4429,1
4430,1
4431,2
4432,1
4433,3
4434,3
4435,3
4436,2
4437,1
4438,3
4439,3
4440,3
4441,1
4442,3
4443,3
4444,2
4445,3
4446,1
4447,1
4448,1
4449,1
4450,3
4451,2
4452,1
4453,1
4454,1
4455,2
4456,1
4457,2
4458,2
4459,1
4460,3
4461,2
4462,1
4463,2
4464,1
4465,3
4466,3
4467,1
4468,2
4469,3
4470,2
4471,1
4472,1
4473,3
4474,2
4475,1
4476,3
4477,1
4478,2
4479,2
4480,2
4481,3
4482,1
4483,2
4484,2
4485,2
4486,3
4487,2
4488,1
4489,3
4490,2
4491,3
4492,3
4493,1
4494,3
4495,1
4496,1
4497,1
4498,1
4499,1
4500,3
4501,2
4502,3
4503,2
4504,1
4505,3
4506,1
4507,1
4508,1
4509,3
4510,2
4511,1
4512,1
4513,2
4514,1
4515,2
4516,2
4517,3
4518,1
4519,1
4520,3
4521,2
4522,3
4523,3
4524,1
4525,1
4526,3
4527,3
4528,1
4529,2
4530,3
4531,2
4532,2
4533,1
4534,1
4535,2
4536,2
4537,2
4538,2
4539,3
4540,1
4541,2
4542,1
4543,2
4544,2
4545,1
4546,3
4547,3
4548,1
4549,3
4550,2
4551,3
4552,3
4553,2
4554,3
4555,1
4556,2
4557,3
4558,3
4559,2
4560,1
4561,2
4562,2
4563,2
4564,1
4565,2
4566,2
4567,3
4568,2
4569,1
4570,1
4571,1
4572,3
4573,1
4574,2
4575,1
4576,3
4577,3
4578,3
4579,3
4580,2
4581,3
4582,2
4583,2
4584,2
4585,1
4586,1
4587,3
4588,2
4589,3
4590,3
4591,2
4592,1
4593,1
4594,1
4595,1
4596,1
4597,2
4598,2
4599,1
4600,1
4601,3
4602,3
4603,1
4604,1
4605,1
4606,3
4607,3
4608,1
4609,2
4610,1
4611,2
4612,1
4613,3
4614,1
4615,1
4616,2
4617,3
4618,2
4619,2
4620,1
4621,3
4622,1
4623,1
4624,2
4625,3
4626,1
4627,3
4628,1
4629,1
4630,3
4631,1
4632,1
4633,1
4634,3
4635,1
4636,2
4637,2
4638,2
4639,2
4640,1
4641,1
4642,1
4643,2
4644,2
4645,1
4646,1
4647,2
4648,3
4649,3
4650,3
4651,3
4652,1
4653,3
4654,1
4655,2
4656,2
4657,1
4658,3
4659,3
4660,1
4661,3
4662,2
4663,3
4664,2
4665,1
4666,2
4667,3
4668,1
4669,2
4670,1
4671,3
4672,2
4673,2
4674,1
4675,2
4676,3
4677,2
4678,1
4679,3
4680,2
4681,3
4682,2
4683,1
4684,1
4685,1
4686,3
4687,1
4688,1
4689,3
4690,1
4691,2
4692,2
4693,2
4694,2
4695,2
4696,2
4697,1
4698,3
4699,1
4700,2
4701,3
4702,2
4703,1
4704,3
4705,1
4706,1
4707,2
4708,1
4709,3
4710,3
4711,1
4712,2
4713,1
4714,2
4715,3
4716,3
4717,1
4718,2
4719,2
4720,1
4721,3
4722,1
4723,3
4724,2
4725,3
4726,3
4727,2
4728,2
4729,2
4730,1
4731,1
4732,1
4733,2
4734,1
4735,2
4736,3
4737,2
4738,1
4739,1
4740,3
4741,3
4742,1
4743,1
4744,3
4745,2
4746,2
4747,1
4748,1
4749,3
4750,3
4751,1
4752,3
4753,3
4754,3
4755,3
4756,2
4757,2
4758,1
4759,2
4760,2
4761,3
4762,3
4763,2
4764,3
4765,3
4766,2
4767,3
4768,3
4769,1
4770,3
4771,3
4772,3
4773,2
4774,1
4775,2
4776,3
4777,1
4778,2
4779,1
4780,2
4781,3
4782,1
4783,2
4784,2
4785,3
4786,1
4787,2
4788,3
4789,1
4790,2
4791,1
4792,2
4793,3
4794,2
4795,1
4796,3
4797,3
4798,3
4799,3
4800,2
4801,3
4802,3
4803,3
4804,2
4805,2
4806,1
4807,3
4808,1
4809,2
4810,1
4811,2
4812,3
4813,3
4814,3
4815,3
4816,3
4817,1
4818,3
4819,2
4820,3
4821,2
4822,1
4823,1
4824,1
4825,2
4826,3
4827,3
4828,3
4829,3
4830,2
4831,2
4832,2
4833,1
4834,1
4835,3
4836,2
4837,1
4838,3
4839,2
4840,1
4841,1
4842,1
4843,2
4844,2
4845,3
4846,3
4847,3
4848,1
4849,2
4850,2
4851,1
4852,2
4853,1
4854,2
4855,1
4856,1
4857,1
4858,3
4859,3
4860,2
4861,1
4862,2
4863,3
4864,2
4865,2
4866,3
4867,3
4868,2
4869,1
4870,1
4871,2
4872,3
4873,1
4874,1
4875,3
4876,2
4877,2
4878,3
4879,2
4880,2
4881,3
4882,3
4883,2
4884,1
4885,1
4886,2
4887,2
4888,1
4889,1
4890,2
4891,1
4892,2
4893,3
4894,3
4895,1
4896,1
4897,2
4898,3
4899,1
4900,2
4901,1
4902,1
4903,2
4904,2
4905,3
4906,3
4907,2
4908,2
4909,2
4910,2
4911,2
4912,2
4913,2
4914,3
4915,1
4916,1
4917,3
4918,1
4919,1
4920,3
4921,1
4922,2
4923,2
4924,1
4925,2
4926,1
4927,1
4928,1
4929,2
4930,3
4931,3
4932,1
4933,1
4934,1
4935,2
4936,3
4937,3
4938,2
4939,1
4940,1
4941,2
4942,3
4943,3
4944,1
4945,3
4946,2
4947,3
4948,3
4949,1
4950,2
4951,2
4952,2
4953,2
4954,1
4955,1
4956,3
4957,3
4958,3
4959,1
4960,3
4961,1
4962,3
4963,3
4964,1
4965,1
4966,2
4967,3
4968,1
4969,3
4970,2
4971,2
4972,1
4973,1
4974,3
4975,2
4976,3
4977,1
4978,1
4979,1
4980,2
4981,3
4982,3
4983,2
4984,3
4985,2
4986,2
4987,3
4988,3
4989,3
4990,2
4991,3
4992,3
4993,2
4994,2
4995,1
4996,1
4997,2
4998,3
4999,1
5000,1
5001,3
5002,2
5003,1
5004,1
5005,1
5006,2
5007,1
5008,2
5009,3
5010,3
5011,2
5012,2
5013,3
5014,1
5015,2
5016,1
5017,1
5018,1
5019,3
5020,1
5021,2
5022,1
5023,3
5024,1
5025,3
5026,3
5027,3
5028,2
5029,3
5030,3
5031,3
5032,2
5033,3
5034,3
5035,3
5036,3
5037,3
5038,2
5039,2
5040,1
5041,2
5042,2
5043,3
5044,3
5045,1
5046,3
5047,3
5048,1
5049,2
5050,1
5051,2
5052,2
5053,3
5054,3
5055,1
5056,2
5057,3
5058,1
5059,3
5060,1
5061,2
5062,2
5063,1
5064,3
5065,1
5066,1
5067,3
5068,1
5069,3
5070,2
5071,3
5072,3
5073,2
5074,3
5075,3
5076,2
5077,3
5078,1
5079,1
5080,2
5081,2
5082,3
5083,3
5084,2
5085,1
5086,1
5087,3
5088,2
5089,2
5090,1
5091,1
5092,3
5093,3
5094,1
5095,1
5096,2
5097,1
5098,2
5099,2
5100,3
5101,2
5102,3
5103,2
5104,1
5105,2
5106,3
5107,1
5108,2
5109,3
5110,2
5111,2
5112,1
5113,3
5114,1
5115,3
5116,3
5117,3
5118,3
5119,2
5120,3
5121,3
5122,2
5123,2
5124,1
5125,1
5126,1
5127,1
5128,1
5129,2
5130,3
5131,3
5132,3
5133,3
5134,3
5135,2
5136,2
5137,2
5138,1
5139,3
5140,1
5141,2
5142,1
5143,1
5144,3
5145,2
5146,3
5147,2
5148,1
5149,3
5150,1
5151,1
5152,1
5153,2
5154,1
5155,1
5156,3
5157,1
5158,1
5159,2
5160,3
5161,1
5162,2
5163,1
5164,2
5165,3
5166,3
5167,3
5168,1
5169,1
5170,1
5171,3
5172,3
5173,1
5174,2
5175,2
5176,3
5177,1
5178,1
5179,1
5180,2
5181,1
5182,3
5183,3
5184,1
5185,3
5186,1
5187,2
5188,1
5189,3
5190,1
5191,2
5192,3
5193,3
5194,1
5195,1
5196,1
5197,3
5198,1
5199,3
5200,2
5201,1
5202,3
5203,3
5204,2
5205,3
5206,2
5207,1
5208,3
5209,1
5210,1
5211,1
5212,3
5213,2
5214,1
5215,3
5216,2
5217,3
5218,1
5219,3
5220,1
5221,2
5222,1
5223,3
5224,3
5225,3
5226,2
5227,1
5228,3
5229,2
5230,3
5231,3
5232,3
5233,2
5234,3
5235,1
5236,3
5237,3
5238,3
5239,2
5240,1
5241,3
5242,1
5243,2
5244,2
5245,3
5246,3
5247,1
5248,1
5249,3
5250,1
5251,2
5252,2
5253,1
5254,2
5255,2
5256,3
5257,2
5258,1
5259,3
5260,2
5261,2
5262,2
5263,3
5264,1
5265,2
5266,2
5267,3
5268,3
5269,2
5270,2
5271,1
5272,1
5273,2
5274,1
5275,3
5276,3
5277,3
5278,3
5279,1
5280,2
5281,3
5282,1
5283,3
5284,1
5285,3
5286,2
5287,2
5288,3
5289,3
5290,2
5291,2
5292,2
5293,2
5294,3
5295,1
5296,2
5297,3
5298,1
5299,3
5300,3
5301,3
5302,3
5303,2
5304,1
5305,3
5306,1
5307,3
5308,3
5309,1
5310,3
5311,3
5312,3
5313,1
5314,2
5315,3
5316,1
5317,3
5318,1
5319,3
5320,2
5321,1
5322,1
5323,1
5324,1
5325,2
5326,2
5327,3
5328,2
5329,1
5330,1
5331,3
5332,1
5333,1
5334,1
5335,3
5336,3
5337,1
5338,3
5339,2
5340,1
5341,1
5342,3
5343,3
5344,1
5345,3
5346,1
5347,2
5348,2
5349,3
5350,2
5351,1
5352,1
5353,2
5354,1
5355,3
5356,3
5357,1
5358,3
5359,1
5360,2
5361,2
5362,3
5363,3
5364,2
5365,3
5366,3
5367,3
5368,1
5369,2
5370,2
5371,2
5372,2
5373,3
5374,3
5375,3
5376,2
5377,2
5378,3
5379,2
5380,1
5381,1
5382,3
5383,1
5384,3
5385,3
5386,2
5387,3
5388,2
5389,1
5390,2
5391,3
5392,3
5393,3
5394,2
5395,2
5396,2
5397,2
5398,1
5399,1
5400,2
5401,2
5402,3
5403,2
5404,2
5405,1
5406,3
5407,1
5408,3
5409,1
5410,3
5411,2
5412,2
5413,2
5414,1
5415,1
5416,1
5417,1
5418,3
5419,3
5420,1
5421,2
5422,2
5423,1
5424,3
5425,3
5426,3
5427,1
5428,1
5429,2
5430,2
5431,2
5432,1
5433,1
5434,1
5435,2
5436,3
5437,3
5438,3
5439,3
5440,3
5441,3
5442,2
5443,1
5444,1
5445,1
5446,1
5447,1
5448,2
5449,1
5450,2
5451,3
5452,1
5453,2
5454,2
5455,1
5456,1
5457,3
5458,3
5459,2
5460,3
5461,3
5462,3
5463,1
5464,3
5465,1
5466,3
5467,2
5468,3
5469,2
5470,1
5471,2
5472,2
5473,1
5474,1
5475,2
5476,3
5477,3
5478,1
5479,1
5480,3
5481,3
5482,2
5483,3
5484,3
5485,2
5486,1
5487,3
5488,3
5489,3
5490,2
5491,2
5492,1
5493,3
5494,3
5495,1
5496,3
5497,2
5498,3
5499,2
5500,2
5501,2
5502,1
5503,1
5504,2
5505,2
5506,2
5507,2
5508,3
5509,2
5510,2
5511,3
5512,1
5513,1
5514,2
5515,3
5516,3
5517,3
5518,1
5519,2
5520,3
5521,2
5522,1
5523,1
5524,1
5525,3
5526,3
5527,1
5528,2
5529,1
5530,2
5531,3
5532,2
5533,2
5534,1
5535,1
5536,2
5537,3
5538,2
5539,2
5540,2
5541,2
5542,2
5543,2
5544,2
5545,2
5546,1
5547,3
5548,3
5549,3
5550,3
5551,1
5552,2
5553,3
5554,3
5555,1
5556,1
5557,2
5558,1
5559,3
5560,2
5561,2
5562,3
5563,2
5564,3
5565,1
5566,1
5567,2
5568,3
5569,1
5570,2
5571,3
5572,1
5573,2
5574,2
5575,3
5576,1
5577,3
5578,3
5579,3
5580,1
5581,1
5582,2
5583,2
5584,1
5585,3
5586,3
5587,1
5588,3
5589,2
5590,1
5591,1
5592,3
5593,2
5594,3
5595,3
5596,1
5597,3
5598,1
5599,2
5600,3
5601,3
5602,3
5603,3
5604,2
5605,1
5606,3
5607,1
5608,1
5609,1
5610,3
5611,2
5612,1
5613,1
5614,3
5615,1
5616,2
5617,1
5618,1
5619,3
5620,3
5621,3
5622,1
5623,3
5624,1
5625,1
5626,1
5627,1
5628,3
5629,2
5630,3
5631,2
5632,1
5633,2
5634,1
5635,2
5636,2
5637,2
5638,1
5639,3
5640,3
5641,1
5642,1
5643,3
5644,2
5645,1
5646,2
5647,3
5648,3
5649,2
5650,1
5651,3
5652,2
5653,2
5654,3
5655,2
5656,1
5657,1
5658,1
5659,3
5660,1
5661,3
5662,2
5663,3
5664,1
5665,3
5666,2
5667,3
5668,1
5669,2
5670,1
5671,3
5672,2
5673,1
5674,3
5675,3
5676,2
5677,1
5678,2
5679,2
5680,1
5681,3
5682,3
5683,3
5684,3
5685,1
5686,1
5687,3
5688,2
5689,3
5690,1
5691,1
5692,1
5693,1
5694,2
5695,2
5696,3
5697,3
5698,2
5699,1
5700,1
5701,2
5702,2
5703,3
5704,2
5705,2
5706,3
5707,3
5708,3
5709,3
5710,2
5711,2
5712,2
5713,3
5714,1
5715,3
5716,2
5717,1
5718,3
5719,2
5720,2
5721,2
5722,1
5723,3
5724,3
5725,1
5726,3
5727,2
5728,1
5729,2
5730,3
5731,2
5732,3
5733,1
5734,3
5735,2
5736,3
5737,3
5738,1
5739,1
5740,1
5741,3
5742,2
5743,1
5744,1
5745,3
5746,2
5747,3
5748,3
5749,1
5750,1
5751,3
5752,1
5753,1
5754,3
5755,2
5756,3
5757,2
5758,1
5759,3
5760,2
5761,2
5762,2
5763,2
5764,1
5765,3
5766,2
5767,2
5768,1
5769,3
5770,3
5771,1
5772,2
5773,1
5774,2
5775,3
5776,1
5777,2
5778,3
5779,2
5780,1
5781,1
5782,3
5783,2
5784,1
5785,1
5786,3
5787,2
5788,1
5789,2
5790,3
5791,3
5792,2
5793,2
5794,2
5795,2
5796,1
5797,1
5798,3
5799,2
5800,3
5801,3
5802,3
5803,1
5804,1
5805,2
5806,3
5807,1
5808,2
5809,1
5810,1
5811,1
5812,1
5813,3
5814,1
5815,1
5816,3
5817,3
5818,2
5819,3
5820,3
5821,2
5822,2
5823,3
5824,1
5825,3
5826,3
5827,2
5828,1
5829,2
5830,1
5831,3
5832,3
5833,2
5834,3
5835,2
5836,1
5837,2
5838,1
5839,3
5840,3
5841,2
5842,2
5843,1
5844,1
5845,3
5846,2
5847,3
5848,3
5849,1
5850,2
5851,1
5852,1
5853,2
5854,2
5855,2
5856,2
5857,1
5858,3
5859,1
5860,3
5861,3
5862,2
5863,3
5864,1
5865,3
5866,3
5867,2
5868,3
5869,3
5870,3
5871,3
5872,3
5873,3
5874,3
5875,1
5876,3
5877,2
5878,1
5879,3
5880,2
5881,3
5882,3
5883,2
5884,2
5885,3
5886,2
5887,3
5888,2
5889,1
5890,1
5891,1
5892,1
5893,1
5894,2
5895,3
5896,2
5897,3
5898,1
5899,1
5900,3
5901,1
5902,1
5903,3
5904,2
5905,2
5906,1
5907,1
5908,2
5909,2
5910,2
5911,3
5912,2
5913,3
5914,2
5915,1
5916,1
5917,1
5918,2
5919,3
5920,3
5921,3
5922,1
5923,3
5924,2
5925,1
5926,1
5927,1
5928,1
5929,2
5930,2
5931,2
5932,1
5933,2
5934,1
5935,3
5936,3
5937,2
5938,3
5939,1
5940,3
5941,3
5942,2
5943,3
5944,3
5945,2
5946,2
5947,1
5948,1
5949,2
5950,3
5951,2
5952,2
5953,1
5954,3
5955,1
5956,2
5957,2
5958,1
5959,2
5960,3
5961,2
5962,1
5963,1
5964,3
5965,3
5966,3
5967,3
5968,1
5969,1
5970,3
5971,2
5972,1
5973,2
5974,2
5975,2
5976,2
5977,2
5978,1
5979,1
5980,3
5981,3
5982,2
5983,2
5984,2
5985,1
5986,3
5987,1
5988,3
5989,2
5990,2
5991,3
5992,2
5993,1
5994,3
5995,1
5996,1
5997,1
5998,2
5999,1
6000,3
6001,3
6002,1
6003,2
6004,2
6005,2
6006,1
6007,2
6008,2
6009,2
6010,2
6011,2
6012,3
6013,2
6014,3
6015,2
6016,1
6017,3
6018,2
6019,1
6020,1
6021,1
6022,2
6023,2
6024,2
6025,2
6026,2
6027,2
6028,3
6029,1
6030,1
6031,3
6032,3
6033,1
6034,3
6035,3
6036,2
6037,3
6038,3
6039,2
6040,1
6041,1
6042,3
6043,2
6044,3
6045,2
6046,3
6047,1
6048,3
6049,2
6050,3
6051,3
6052,2
6053,1
6054,3
6055,2
6056,2
6057,2
6058,1
6059,3
6060,1
6061,3
6062,1
6063,3
6064,2
6065,2
6066,1
6067,2
6068,2
6069,3
6070,1
6071,1
6072,3
6073,2
6074,3
6075,1
6076,2
6077,3
6078,3
6079,1
6080,1
6081,1
6082,3
6083,2
6084,2
6085,1
6086,1
6087,2
6088,3
6089,2
6090,1
6091,3
6092,1
6093,3
6094,3
6095,2
6096,3
6097,3
6098,2
6099,3
6100,3
6101,1
6102,2
6103,3
6104,3
6105,1
6106,2
6107,1
6108,3
6109,1
6110,3
6111,3
6112,2
6113,1
6114,1
6115,1
6116,1
6117,3
6118,1
6119,3
6120,1
6121,2
6122,2
6123,1
6124,3
6125,3
6126,2
6127,1
6128,1
6129,1
6130,1
6131,1
6132,1
6133,2
6134,1
6135,1
6136,1
6137,2
6138,1
6139,2
6140,3
6141,2
6142,2
6143,1
6144,1
6145,2
6146,1
6147,3
6148,3
6149,1
6150,1
6151,2
6152,2
6153,1
6154,2
6155,2
6156,3
6157,2
6158,3
6159,3
6160,1
6161,3
6162,2
6163,3
6164,1
6165,2
6166,3
6167,2
6168,3
6169,1
6170,1
6171,1
6172,2
6173,3
6174,1
6175,3
6176,3
6177,1
6178,1
6179,1
6180,1
6181,3
6182,1
6183,2
6184,2
6185,3
6186,2
6187,3
6188,1
6189,1
6190,1
6191,2
6192,3
6193,3
6194,1
6195,2
6196,2
6197,1
6198,1
6199,1
6200,1
6201,3
6202,3
6203,3
6204,1
6205,3
6206,3
6207,1
6208,2
6209,1
6210,1
6211,3
6212,1
6213,2
6214,2
6215,3
6216,3
6217,3
6218,1
6219,3
6220,1
6221,1
6222,2
6223,1
6224,1
6225,3
6226,2
6227,2
6228,1
6229,3
6230,3
6231,2
6232,3
6233,1
6234,2
6235,3
6236,3
6237,1
6238,3
6239,3
6240,3
6241,1
6242,2
6243,2
6244,2
6245,2
6246,2
6247,2
6248,1
6249,1
6250,2
6251,3
6252,1
6253,2
6254,1
6255,2
6256,1
6257,1
6258,2
6259,2
6260,2
6261,1
6262,3
6263,2
6264,3
6265,2
6266,2
6267,2
6268,1
6269,1
6270,1
6271,3
6272,1
6273,2
6274,3
6275,1
6276,2
6277,1
6278,3
6279,3
6280,3
6281,2
6282,2
6283,2
6284,2
6285,3
6286,3
6287,3
6288,2
6289,1
6290,1
6291,2
6292,1
6293,1
6294,1
6295,1
6296,2
6297,2
6298,1
6299,3
6300,2
6301,3
6302,1
6303,2
6304,1
6305,1
6306,3
6307,2
6308,2
6309,1
6310,2
6311,3
6312,3
6313,1
6314,2
6315,3
6316,1
6317,2
6318,3
6319,2
6320,2
6321,3
6322,2
6323,3
6324,1
6325,3
6326,3
6327,3
6328,2
6329,3
6330,3
6331,3
6332,2
6333,3
6334,1
6335,3
6336,3
6337,3
6338,3
6339,1
6340,1
6341,1
6342,2
6343,1
6344,3
6345,3
6346,2
6347,2
6348,3
6349,1
6350,1
6351,3
6352,3
6353,3
6354,1
6355,3
6356,1
6357,1
6358,1
6359,2
6360,1
6361,2
6362,3
6363,2
6364,3
6365,1
6366,3
6367,3
6368,1
6369,1
6370,3
6371,2
6372,2
6373,2
6374,1
6375,2
6376,2
6377,2
6378,1
6379,2
6380,3
6381,3
6382,1
6383,3
6384,1
6385,2
6386,1
6387,2
6388,3
6389,3
6390,3
6391,1
6392,1
6393,3
6394,2
6395,3
6396,1
6397,1
6398,1
6399,2
6400,1
6401,1
6402,1
6403,1
6404,2
6405,1
6406,3
6407,2
6408,2
6409,1
6410,2
6411,2
6412,1
6413,3
6414,2
6415,1
6416,1
6417,2
6418,1
6419,3
6420,2
6421,3
6422,3
6423,1
6424,3
6425,2
6426,1
6427,1
6428,2
6429,3
6430,3
6431,1
6432,2
6433,2
6434,2
6435,3
6436,1
6437,1
6438,2
6439,1
6440,3
6441,1
6442,2
6443,3
6444,2
6445,2
6446,1
6447,2
6448,3
6449,2
6450,2
6451,1
6452,1
6453,3
6454,1
6455,3
6456,2
6457,2
6458,3
6459,2
6460,1
6461,2
6462,1
6463,3
6464,3
6465,3
6466,3
6467,3
6468,2
6469,1
6470,1
6471,3
6472,1
6473,3
6474,1
6475,3
6476,3
6477,3
6478,1
6479,3
6480,1
6481,1
6482,2
6483,2
6484,1
6485,3
6486,1
6487,1
6488,3
6489,2
6490,3
6491,1
6492,2
6493,2
6494,2
6495,2
6496,1
6497,1
6498,3
6499,3
6500,1
6501,1
6502,3
6503,2
6504,1
6505,2
6506,3
6507,2
6508,3
6509,1
6510,3
6511,2
6512,3
6513,1
6514,2
6515,3
6516,1
6517,3
6518,1
6519,2
6520,1
6521,1
6522,3
6523,1
6524,3
6525,1
6526,1
6527,3
6528,1
6529,2
6530,2
6531,1
6532,2
6533,3
6534,2
6535,2
6536,1
6537,1
6538,1
6539,1
6540,2
6541,1
6542,3
6543,3
6544,3
6545,2
6546,1
6547,2
6548,3
6549,1
6550,3
6551,1
6552,2
6553,3
6554,3
6555,1
6556,2
6557,3
6558,2
6559,3
6560,3
6561,3
6562,3
6563,1
6564,2
6565,3
6566,2
6567,3
6568,3
6569,1
6570,3
6571,3
6572,3
6573,3
6574,2
6575,3
6576,2
6577,2
6578,3
6579,1
6580,2
6581,2
6582,2
6583,3
6584,1
6585,2
6586,1
6587,1
6588,1
6589,3
6590,2
6591,2
6592,3
6593,3
6594,3
6595,3
6596,2
6597,3
6598,1
6599,1
6600,1
6601,2
6602,1
6603,2
6604,3
6605,2
6606,3
6607,2
6608,1
6609,3
6610,3
6611,3
6612,1
6613,2
6614,2
6615,3
6616,2
6617,2
6618,1
6619,3
6620,2
6621,3
6622,1
6623,1
6624,2
6625,3
6626,3
6627,3
6628,3
6629,1
6630,3
6631,1
6632,2
6633,2
6634,1
6635,2
6636,3
6637,2
6638,3
6639,3
6640,3
6641,1
6642,3
6643,3
6644,2
6645,1
6646,2
6647,3
6648,3
6649,1
6650,3
6651,2
6652,3
6653,2
6654,2
6655,2
6656,3
6657,2
6658,3
6659,3
6660,3
6661,2
6662,2
6663,3
6664,3
6665,2
6666,3
6667,3
6668,2
6669,3
6670,2
6671,1
6672,2
6673,1
6674,1
6675,3
6676,2
6677,2
6678,3
6679,2
6680,3
6681,2
6682,3
6683,3
6684,3
6685,3
6686,2
6687,3
6688,1
6689,1
6690,2
6691,1
6692,2
6693,2
6694,2
6695,3
6696,2
6697,2
6698,2
6699,3
6700,1
6701,3
6702,1
6703,2
6704,2
6705,2
6706,3
6707,1
6708,3
6709,1
6710,3
6711,2
6712,2
6713,3
6714,1
6715,2
6716,2
6717,2
6718,2
6719,1
6720,1
6721,2
6722,3
6723,3
6724,3
6725,1
6726,1
6727,2
6728,1
6729,2
6730,3
6731,1
6732,1
6733,3
6734,3
6735,3
6736,1
6737,2
6738,1
6739,3
6740,2
6741,3
6742,2
6743,2
6744,2
6745,2
6746,3
6747,2
6748,2
6749,2
6750,1
6751,2
6752,2
6753,2
6754,2
6755,1
6756,1
6757,3
6758,1
6759,2
6760,2
6761,1
6762,1
6763,3
6764,3
6765,1
6766,2
6767,2
6768,2
6769,1
6770,3
6771,3
6772,2
6773,1
6774,1
6775,2
6776,1
6777,3
6778,1
6779,3
6780,1
6781,3
6782,1
6783,1
6784,2
6785,3
6786,1
6787,3
6788,3
6789,3
6790,1
6791,2
6792,3
6793,3
6794,2
6795,1
6796,2
6797,2
6798,3
6799,3
6800,2
6801,1
6802,1
6803,3
6804,3
6805,2
6806,2
6807,3
6808,1
6809,3
6810,2
6811,1
6812,1
6813,2
6814,1
6815,1
6816,2
6817,1
6818,1
6819,1
6820,3
6821,2
6822,2
6823,3
6824,2
6825,3
6826,1
6827,1
6828,2
6829,1
6830,1
6831,2
6832,3
6833,2
6834,2
6835,1
6836,3
6837,2
6838,3
6839,2
6840,3
6841,1
6842,2
6843,3
6844,3
6845,3
6846,3
6847,1
6848,3
6849,3
6850,2
6851,1
6852,3
6853,3
6854,2
6855,2
6856,3
6857,3
6858,1
6859,2
6860,2
6861,3
6862,1
6863,1
6864,1
6865,1
6866,3
6867,3
6868,3
6869,2
6870,2
6871,3
6872,1
6873,2
6874,2
6875,1
6876,2
6877,3
6878,2
6879,2
6880,1
6881,3
6882,1
6883,1
6884,3
6885,3
6886,2
6887,2
6888,2
6889,3
6890,1
6891,3
6892,1
6893,3
6894,3
6895,3
6896,2
6897,1
6898,3
6899,1
6900,1
6901,1
6902,1
6903,2
6904,3
6905,3
6906,3
6907,1
6908,2
6909,2
6910,3
6911,3
6912,1
6913,3
6914,3
6915,3
6916,3
6917,3
6918,2
6919,1
6920,1
6921,1
6922,2
6923,2
6924,2
6925,3
6926,1
6927,2
6928,3
6929,2
6930,3
6931,3
6932,1
6933,3
6934,1
6935,1
6936,1
6937,1
6938,3
6939,1
6940,1
6941,2
6942,2
6943,2
6944,3
6945,2
6946,3
6947,3
6948,3
6949,1
6950,2
6951,1
6952,2
6953,1
6954,2
6955,3
6956,2
6957,3
6958,2
6959,1
6960,1
6961,3
6962,1
6963,1
6964,2
6965,2
6966,1
6967,3
6968,1
6969,2
6970,1
6971,2
6972,1
6973,1
6974,1
6975,2
6976,2
6977,1
6978,1
6979,3
6980,1
6981,3
6982,3
6983,1
6984,2
6985,3
6986,2
6987,2
6988,2
6989,1
6990,2
6991,1
6992,2
6993,2
6994,3
6995,3
6996,2
6997,1
6998,1
6999,3
7000,3
7001,3
7002,3
7003,1
7004,2
7005,2
7006,2
7007,2
7008,1
7009,1
7010,1
7011,1
7012,3
7013,1
7014,2
7015,2
7016,2
7017,1
7018,1
7019,2
7020,3
7021,1
7022,1
7023,3
7024,1
7025,3
7026,1
7027,2
7028,1
7029,1
7030,3
7031,2
7032,3
7033,2
7034,3
7035,3
7036,3
7037,1
7038,2
7039,1
7040,2
7041,1
7042,2
7043,2
7044,3
7045,3
7046,1
7047,2
7048,1
7049,1
7050,2
7051,1
7052,2
7053,1
7054,1
7055,3
7056,1
7057,2
7058,3
7059,3
7060,3
7061,2
7062,1
7063,3
7064,3
7065,2
7066,2
7067,2
7068,3
7069,2
7070,2
7071,2
7072,1
7073,2
7074,2
7075,2
7076,1
7077,1
7078,1
7079,3
7080,3
7081,1
7082,3
7083,3
7084,2
7085,2
7086,3
7087,3
7088,3
7089,2
7090,1
7091,2
7092,2
7093,3
7094,2
7095,2
7096,1
7097,1
7098,3
7099,2
7100,1
7101,3
7102,1
7103,3
7104,1
7105,2
7106,3
7107,1
7108,1
7109,2
7110,1
7111,2
7112,2
7113,1
7114,3
7115,2
7116,1
7117,3
7118,1
7119,2
7120,3
7121,3
7122,3
7123,3
7124,2
7125,2
7126,3
7127,3
7128,3
7129,3
7130,3
7131,2
7132,2
7133,3
7134,1
7135,2
7136,3
7137,3
7138,2
7139,1
7140,2
7141,2
7142,3
7143,1
7144,1
7145,3
7146,1
7147,3
7148,2
7149,1
7150,3
7151,3
7152,3
7153,1
7154,1
7155,3
7156,3
7157,2
7158,2
7159,1
7160,1
7161,2
7162,2
7163,2
7164,3
7165,2
7166,3
7167,1
7168,1
7169,2
7170,2
7171,1
7172,1
7173,2
7174,1
7175,3
7176,3
7177,2
7178,2
7179,2
7180,2
7181,1
7182,2
7183,2
7184,3
7185,3
7186,3
7187,2
7188,3
7189,2
7190,3
7191,1
7192,1
7193,3
7194,3
7195,2
7196,1
7197,1
7198,3
7199,2
7200,2
7201,2
7202,2
7203,3
7204,2
7205,3
7206,3
7207,1
7208,1
7209,1
7210,2
7211,3
7212,3
7213,3
7214,2
7215,2
7216,1
7217,3
7218,2
7219,3
7220,3
7221,3
7222,3
7223,2
7224,3
7225,2
7226,1
7227,3
7228,2
7229,3
7230,2
7231,2
7232,1
7233,3
7234,2
7235,2
7236,2
7237,2
7238,3
7239,1
7240,3
7241,3
7242,3
7243,3
7244,2
7245,2
7246,2
7247,1
7248,2
7249,2
7250,1
7251,3
7252,1
7253,2
7254,3
7255,1
7256,3
7257,3
7258,3
7259,1
7260,2
7261,3
7262,2
7263,2
7264,3
7265,3
7266,2
7267,1
7268,3
7269,1
7270,3
7271,1
7272,1
7273,1
7274,3
7275,1
7276,2
7277,2
7278,3
7279,2
7280,2
7281,1
7282,3
7283,3
7284,3
7285,3
7286,2
7287,1
7288,3
7289,2
7290,1
7291,3
7292,3
7293,3
7294,3
7295,3
7296,1
7297,1
7298,1
7299,3
7300,3
7301,2
7302,2
7303,3
7304,2
7305,3
7306,2
7307,1
7308,3
7309,2
7310,2
7311,1
7312,3
7313,3
7314,2
7315,1
7316,3
7317,3
7318,2
7319,3
7320,3
7321,3
7322,1
7323,2
7324,2
7325,3
7326,3
7327,1
7328,2
7329,2
7330,3
7331,2
7332,2
7333,1
7334,2
7335,3
7336,3
7337,2
7338,2
7339,3
7340,1
7341,3
7342,3
7343,1
7344,3
7345,2
7346,1
7347,2
7348,2
7349,1
7350,1
7351,2
7352,3
7353,3
7354,3
7355,2
7356,2
7357,3
7358,3
7359,2
7360,2
7361,2
7362,2
7363,3
7364,2
7365,2
7366,1
7367,2
7368,3
7369,1
7370,2
7371,3
7372,1
7373,2
7374,2
7375,3
7376,2
7377,2
7378,3
7379,1
7380,3
7381,2
7382,3
7383,1
7384,1
7385,1
7386,3
7387,3
7388,3
7389,1
7390,2
7391,3
7392,1
7393,1
7394,2
7395,1
7396,2
7397,3
7398,3
7399,2
7400,2
7401,2
7402,1
7403,3
7404,2
7405,3
7406,2
7407,2
7408,1
7409,3
7410,3
7411,2
7412,2
7413,1
7414,2
7415,2
7416,2
7417,2
7418,2
7419,2
7420,2
7421,1
7422,2
7423,2
7424,3
7425,3
7426,3
7427,2
7428,1
7429,1
7430,1
7431,2
7432,2
7433,1
7434,1
7435,3
7436,3
7437,2
7438,2
7439,3
7440,2
7441,1
7442,3
7443,3
7444,1
7445,3
7446,1
7447,2
7448,2
7449,2
7450,3
7451,1
7452,1
7453,1
7454,2
7455,3
7456,2
7457,3
7458,1
7459,3
7460,1
7461,2
7462,3
7463,3
7464,2
7465,3
7466,3
7467,3
7468,1
7469,1
7470,1
7471,3
7472,3
7473,2
7474,2
7475,3
7476,2
7477,1
7478,3
7479,1
7480,1
7481,1
7482,3
7483,2
7484,1
7485,2
7486,1
7487,1
7488,3
7489,3
7490,2
7491,3
7492,1
7493,2
7494,1
7495,2
7496,2
7497,2
7498,2
7499,3
7500,1